{"textures":{"0":"modelengine:entity/toro_wither"},"elements":[{"from":[10.948571,7.1729074,-5.9849577],"to":[12.868572,11.252908,-4.0649576],"rotation":{"angle":0.0,"axis":"y","origin":[26.308573,-13.707094,-0.22495747]},"faces":{"east":{"uv":[7.0625,8.03125,7.15625,8.21875],"rotation":0,"texture":"#0","tintindex":0},"south":{"uv":[4.6875,8.0625,4.78125,8.25],"rotation":0,"texture":"#0","tintindex":0},"north":{"uv":[0.59375,7.40625,0.6875,7.59375],"rotation":0,"texture":"#0","tintindex":0},"west":{"uv":[3.90625,8.1875,4.0,8.375],"rotation":0,"texture":"#0","tintindex":0},"up":{"uv":[6.6875,3.0625,6.59375,2.96875],"rotation":0,"texture":"#0","tintindex":0},"down":{"uv":[2.5,6.875,2.40625,6.96875],"rotation":0,"texture":"#0","tintindex":0}}},{"from":[3.2685714,7.1729074,-5.9849577],"to":[5.188571,11.252908,-4.0649576],"rotation":{"angle":0.0,"axis":"y","origin":[-10.171429,-13.707094,-0.22495747]},"faces":{"east":{"uv":[8.09375,8.65625,8.1875,8.84375],"rotation":0,"texture":"#0","tintindex":0},"south":{"uv":[4.84375,8.6875,4.9375,8.875],"rotation":0,"texture":"#0","tintindex":0},"north":{"uv":[8.1875,5.59375,8.28125,5.78125],"rotation":0,"texture":"#0","tintindex":0},"west":{"uv":[2.03125,8.75,2.125,8.9375],"rotation":0,"texture":"#0","tintindex":0},"up":{"uv":[7.34375,4.03125,7.25,3.9375],"rotation":0,"texture":"#0","tintindex":0},"down":{"uv":[5.59375,7.25,5.5,7.34375],"rotation":0,"texture":"#0","tintindex":0}}},{"from":[6.6285715,9.261829,-7.30229],"to":[9.508572,13.10183,-3.4622898],"rotation":{"angle":22.5,"axis":"x","origin":[8.068571,9.261829,-6.34229]},"faces":{"east":{"uv":[1.9375,8.5625,2.125,8.75],"rotation":0,"texture":"#0","tintindex":0},"south":{"uv":[8.75,1.4375,8.875,1.625],"rotation":0,"texture":"#0","tintindex":0},"north":{"uv":[0.28125,8.71875,0.40625,8.90625],"rotation":0,"texture":"#0","tintindex":0},"west":{"uv":[8.5625,2.09375,8.75,2.28125],"rotation":0,"texture":"#0","tintindex":0},"up":{"uv":[1.59375,8.9375,1.46875,8.75],"rotation":0,"texture":"#0","tintindex":0},"down":{"uv":[1.71875,8.75,1.59375,8.9375],"rotation":0,"texture":"#0","tintindex":0}}},{"from":[7.1085715,6.047981,-6.837042],"to":[9.028571,9.887981,-4.917042],"rotation":{"angle":0.0,"axis":"y","origin":[8.068571,7.487981,-7.0770426]},"faces":{"east":{"uv":[4.21875,8.78125,4.3125,8.96875],"rotation":0,"texture":"#0","tintindex":0},"south":{"uv":[8.78125,5.9375,8.875,6.125],"rotation":0,"texture":"#0","tintindex":0},"north":{"uv":[3.125,8.75,3.21875,8.9375],"rotation":0,"texture":"#0","tintindex":0},"west":{"uv":[8.78125,6.875,8.875,7.0625],"rotation":0,"texture":"#0","tintindex":0},"up":{"uv":[7.34375,5.625,7.25,5.53125],"rotation":0,"texture":"#0","tintindex":0},"down":{"uv":[7.375,2.5,7.28125,2.59375],"rotation":0,"texture":"#0","tintindex":0}}},{"from":[2.7885714,6.4763775,2.6117716],"to":[13.348572,16.076378,7.891772],"rotation":{"angle":-45.0,"axis":"x","origin":[5.428571,9.356378,1.4117713]},"faces":{"east":{"uv":[1.75,6.59375,2.0,7.03125],"rotation":0,"texture":"#0","tintindex":0},"south":{"uv":[2.90625,5.125,3.375,5.5625],"rotation":0,"texture":"#0","tintindex":0},"north":{"uv":[2.4375,5.0625,2.90625,5.5],"rotation":0,"texture":"#0","tintindex":0},"west":{"uv":[6.59375,6.34375,6.84375,6.78125],"rotation":0,"texture":"#0","tintindex":0},"up":{"uv":[7.03125,6.34375,6.5625,6.09375],"rotation":0,"texture":"#0","tintindex":0},"down":{"uv":[7.0625,2.71875,6.59375,2.96875],"rotation":0,"texture":"#0","tintindex":0}}},{"from":[3.7485714,3.3563771,2.6117716],"to":[12.388572,11.036377,7.891772],"rotation":{"angle":0.0,"axis":"y","origin":[5.428571,9.356378,1.4117713]},"faces":{"east":{"uv":[4.34375,7.375,4.59375,7.71875],"rotation":0,"texture":"#0","tintindex":0},"south":{"uv":[5.78125,5.875,6.1875,6.21875],"rotation":0,"texture":"#0","tintindex":0},"north":{"uv":[4.75,5.8125,5.15625,6.15625],"rotation":0,"texture":"#0","tintindex":0},"west":{"uv":[4.59375,7.375,4.84375,7.71875],"rotation":0,"texture":"#0","tintindex":0},"up":{"uv":[2.40625,6.9375,2.0,6.6875],"rotation":0,"texture":"#0","tintindex":0},"down":{"uv":[7.125,1.28125,6.71875,1.53125],"rotation":0,"texture":"#0","tintindex":0}}},{"from":[2.7885714,9.261829,-5.8622904],"to":[13.348572,13.10183,3.7377105],"rotation":{"angle":-22.5,"axis":"x","origin":[8.068571,9.261829,-6.34229]},"faces":{"east":{"uv":[3.84375,7.53125,4.28125,7.71875],"rotation":0,"texture":"#0","tintindex":0},"south":{"uv":[5.5,7.34375,5.96875,7.53125],"rotation":0,"texture":"#0","tintindex":0},"north":{"uv":[3.875,7.34375,4.34375,7.53125],"rotation":0,"texture":"#0","tintindex":0},"west":{"uv":[5.5,7.53125,5.9375,7.71875],"rotation":0,"texture":"#0","tintindex":0},"up":{"uv":[3.84375,5.5625,3.375,5.125],"rotation":0,"texture":"#0","tintindex":0},"down":{"uv":[4.3125,5.125,3.84375,5.5625],"rotation":0,"texture":"#0","tintindex":0}}},{"from":[-0.57142925,7.82183,-4.9022894],"to":[2.7885714,12.62183,1.8177104],"rotation":{"angle":-22.5,"axis":"x","origin":[8.068571,9.261829,-6.34229]},"faces":{"east":{"uv":[3.40625,7.6875,3.71875,7.90625],"rotation":0,"texture":"#0","tintindex":0},"south":{"uv":[0.96875,8.59375,1.125,8.8125],"rotation":0,"texture":"#0","tintindex":0},"north":{"uv":[8.59375,0.15625,8.75,0.375],"rotation":0,"texture":"#0","tintindex":0},"west":{"uv":[5.9375,7.6875,6.25,7.90625],"rotation":0,"texture":"#0","tintindex":0},"up":{"uv":[8.09375,8.34375,7.9375,8.03125],"rotation":0,"texture":"#0","tintindex":0},"down":{"uv":[4.15625,8.0625,4.0,8.375],"rotation":0,"texture":"#0","tintindex":0}}},{"from":[13.348572,7.82183,-4.9022894],"to":[16.708572,12.62183,1.8177104],"rotation":{"angle":-22.5,"axis":"x","origin":[8.068571,9.261829,-6.34229]},"faces":{"east":{"uv":[0.59375,7.71875,0.90625,7.9375],"rotation":0,"texture":"#0","tintindex":0},"south":{"uv":[1.125,8.59375,1.28125,8.8125],"rotation":0,"texture":"#0","tintindex":0},"north":{"uv":[8.59375,0.96875,8.75,1.1875],"rotation":0,"texture":"#0","tintindex":0},"west":{"uv":[3.71875,7.71875,4.03125,7.9375],"rotation":0,"texture":"#0","tintindex":0},"up":{"uv":[4.3125,8.375,4.15625,8.0625],"rotation":0,"texture":"#0","tintindex":0},"down":{"uv":[4.46875,8.0625,4.3125,8.375],"rotation":0,"texture":"#0","tintindex":0}}},{"from":[4.7085714,13.10183,-6.34229],"to":[11.428572,16.94183,3.7377105],"rotation":{"angle":-22.5,"axis":"x","origin":[8.068571,9.261829,-6.34229]},"faces":{"east":{"uv":[7.34375,5.53125,7.8125,5.71875],"rotation":0,"texture":"#0","tintindex":0},"south":{"uv":[7.40625,7.84375,7.71875,8.03125],"rotation":0,"texture":"#0","tintindex":0},"north":{"uv":[6.84375,7.84375,7.15625,8.03125],"rotation":0,"texture":"#0","tintindex":0},"west":{"uv":[7.34375,5.71875,7.8125,5.90625],"rotation":0,"texture":"#0","tintindex":0},"up":{"uv":[0.3125,6.28125,0.0,5.8125],"rotation":0,"texture":"#0","tintindex":0},"down":{"uv":[0.625,5.8125,0.3125,6.28125],"rotation":0,"texture":"#0","tintindex":0}}},{"from":[-0.09142876,12.14183,1.3377104],"to":[16.228573,18.86183,8.057711],"rotation":{"angle":-22.5,"axis":"x","origin":[9.028571,9.261829,-6.34229]},"faces":{"east":{"uv":[4.75,7.0625,5.0625,7.375],"rotation":0,"texture":"#0","tintindex":0},"south":{"uv":[4.5625,1.9375,5.3125,2.25],"rotation":0,"texture":"#0","tintindex":0},"north":{"uv":[0.0,4.53125,0.75,4.84375],"rotation":0,"texture":"#0","tintindex":0},"west":{"uv":[0.375,7.09375,0.6875,7.40625],"rotation":0,"texture":"#0","tintindex":0},"up":{"uv":[5.3125,2.5625,4.5625,2.25],"rotation":0,"texture":"#0","tintindex":0},"down":{"uv":[5.375,0.375,4.625,0.6875],"rotation":0,"texture":"#0","tintindex":0}}},{"from":[0.8685713,16.94183,-4.42229],"to":[15.268572,20.30183,3.7377105],"rotation":{"angle":-22.5,"axis":"x","origin":[8.068571,9.261829,-6.34229]},"faces":{"east":{"uv":[7.71875,7.875,8.09375,8.03125],"rotation":0,"texture":"#0","tintindex":0},"south":{"uv":[6.71875,1.125,7.375,1.28125],"rotation":0,"texture":"#0","tintindex":0},"north":{"uv":[6.71875,0.96875,7.375,1.125],"rotation":0,"texture":"#0","tintindex":0},