{"textures":{"0":"modelengine:entity/toro_wither"},"elements":[{"from":[-0.31482887,2.3085713,1.856],"to":[5.829171,14.596571,14.144],"rotation":{"angle":0.0,"axis":"y","origin":[13.5091715,9.988571,8.0]},"faces":{"east":{"uv":[1.125,3.125,0.5625,3.6875],"rotation":0,"texture":"#0","tintindex":0},"south":{"uv":[2.71875,5.5,2.4375,6.0625],"rotation":0,"texture":"#0","tintindex":0},"north":{"uv":[5.78125,1.0,5.5,1.5625],"rotation":0,"texture":"#0","tintindex":0},"west":{"uv":[0.5625,3.125,0.0,3.6875],"rotation":0,"texture":"#0","tintindex":0},"up":{"uv":[5.5,5.96875,5.78125,5.40625],"rotation":0,"texture":"#0","tintindex":0},"down":{"uv":[2.71875,5.5625,3.0,6.125],"rotation":0,"texture":"#0","tintindex":0}}},{"from":[2.7571712,7.6845713,4.16],"to":[16.581173,15.364572,12.224001],"rotation":{"angle":22.5,"axis":"z","origin":[16.581173,8.068571,8.192]},"faces":{"east":{"uv":[6.53125,1.53125,6.15625,1.875],"rotation":0,"texture":"#0","tintindex":0},"south":{"uv":[5.375,4.21875,4.75,4.5625],"rotation":0,"texture":"#0","tintindex":0},"north":{"uv":[3.0625,4.71875,2.4375,5.0625],"rotation":0,"texture":"#0","tintindex":0},"west":{"uv":[6.5,5.0625,6.125,5.40625],"rotation":0,"texture":"#0","tintindex":0},"up":{"uv":[4.0,0.75,4.625,0.375],"rotation":0,"texture":"#0","tintindex":0},"down":{"uv":[4.0,0.75,4.625,1.125],"rotation":0,"texture":"#0","tintindex":0}}},{"from":[16.581173,9.2205715,5.696],"to":[30.405172,13.828571,10.688],"rotation":{"angle":22.5,"axis":"z","origin":[16.581173,8.068571,8.192]},"faces":{"east":{"uv":[8.40625,1.6875,8.1875,1.90625],"rotation":0,"texture":"#0","tintindex":0},"south":{"uv":[6.71875,1.09375,6.09375,1.3125],"rotation":0,"texture":"#0","tintindex":0},"north":{"uv":[6.71875,0.875,6.09375,1.09375],"rotation":0,"texture":"#0","tintindex":0},"west":{"uv":[0.65625,8.1875,0.4375,8.40625],"rotation":0,"texture":"#0","tintindex":0},"up":{"uv":[6.09375,1.53125,6.71875,1.3125],"rotation":0,"texture":"#0","tintindex":0},"down":{"uv":[6.09375,5.40625,6.71875,5.625],"rotation":0,"texture":"#0","tintindex":0}}},{"from":[21.944788,12.417814,6.08],"to":[25.40079,22.785814,10.304],"rotation":{"angle":-22.5,"axis":"z","origin":[27.32079,16.257814,8.192]},"faces":{"east":{"uv":[7.0625,7.28125,6.875,7.75],"rotation":0,"texture":"#0","tintindex":0},"south":{"uv":[7.78125,2.5,7.625,2.96875],"rotation":0,"texture":"#0","tintindex":0},"north":{"uv":[5.1875,7.59375,5.03125,8.0625],"rotation":0,"texture":"#0","tintindex":0},"west":{"uv":[7.46875,4.875,7.28125,5.34375],"rotation":0,"texture":"#0","tintindex":0},"up":{"uv":[6.25,7.875,6.40625,7.6875],"rotation":0,"texture":"#0","tintindex":0},"down":{"uv":[1.78125,7.78125,1.9375,7.96875],"rotation":0,"texture":"#0","tintindex":0}}},{"from":[26.55279,15.873815,8.0],"to":[30.008791,23.169815,12.224001],"rotation":{"angle":-22.5,"axis":"z","origin":[27.32079,16.257814,8.192]},"faces":{"east":{"uv":[4.21875,7.71875,4.03125,8.0625],"rotation":0,"texture":"#0","tintindex":0},"south":{"uv":[7.3125,8.0,7.15625,8.34375],"rotation":0,"texture":"#0","tintindex":0},"north":{"uv":[6.75,8.0,6.59375,8.34375],"rotation":0,"texture":"#0","tintindex":0},"west":{"uv":[7.40625,7.65625,7.21875,8.0],"rotation":0,"texture":"#0","tintindex":0},"up":{"uv":[8.59375,5.15625,8.75,4.96875],"rotation":0,"texture":"#0","tintindex":0},"down":{"uv":[8.59375,6.25,8.75,6.4375],"rotation":0,"texture":"#0","tintindex":0}}},{"from":[28.543999,20.934298,8.384],"to":[32.0,28.230297,11.84],"rotation":{"angle":0.0,"axis":"y","origin":[31.808,24.582296,10.112]},"faces":{"east":{"uv":[8.1875,1.75,8.03125,2.09375],"rotation":0,"texture":"#0","tintindex":0},"south":{"uv":[1.75,8.03125,1.59375,8.375],"rotation":0,"texture":"#0","tintindex":0},"north":{"uv":[1.4375,8.03125,1.28125,8.375],"rotation":0,"texture":"#0","tintindex":0},"west":{"uv":[1.59375,8.03125,1.4375,8.375],"rotation":0,"texture":"#0","tintindex":0},"up":{"uv":[4.6875,8.84375,4.84375,8.6875],"rotation":0,"texture":"#0","tintindex":0},"down":{"uv":[5.875,8.6875,6.03125,8.84375],"rotation":0,"texture":"#0","tintindex":0}}},{"from":[24.717262,5.060146,6.4639997],"to":[29.325262,17.348146,9.92],"rotation":{"angle":0.0,"axis":"y","origin":[28.55726,14.276146,8.192]},"faces":{"east":{"uv":[2.3125,7.25,2.15625,7.8125],"rotation":0,"texture":"#0","tintindex":0},"south":{"uv":[6.375,6.53125,6.15625,7.09375],"rotation":0,"texture":"#0","tintindex":0},"north":{"uv":[6.75,4.125,6.53125,4.6875],"rotation":0,"texture":"#0","tintindex":0},"west":{"uv":[0.375,7.1875,0.21875,7.75],"rotation":0,"texture":"#0","tintindex":0},"up":{"uv":[7.375,4.4375,7.59375,4.28125],"rotation":0,"texture":"#0","tintindex":0},"down":{"uv":[8.5625,0.0,8.78125,0.15625],"rotation":0,"texture":"#0","tintindex":0}}}],"display":{"head":{"translation":[20.203316,-6.4,0.0],"scale":[4.0,4.0,4.0]}}}