{"textures":{"0":"modelengine:entity/toro_wither"},"elements":[{"from":[-1.2857656,-1.0077782,1.7051711],"to":[10.594235,5.4722223,6.0251713],"rotation":{"angle":-22.5,"axis":"y","origin":[-4.7057657,1.5122218,8.905171]},"faces":{"east":{"uv":[2.4375,4.40625,2.625,4.6875],"rotation":0,"texture":"#0","tintindex":0},"south":{"uv":[5.625,1.5625,6.15625,1.84375],"rotation":0,"texture":"#0","tintindex":0},"north":{"uv":[5.4375,4.875,5.96875,5.15625],"rotation":0,"texture":"#0","tintindex":0},"west":{"uv":[7.96875,5.21875,8.15625,5.5],"rotation":0,"texture":"#0","tintindex":0},"up":{"uv":[7.25,5.5,6.71875,5.3125],"rotation":0,"texture":"#0","tintindex":0},"down":{"uv":[7.25,5.5,6.71875,5.6875],"rotation":0,"texture":"#0","tintindex":0}}},{"from":[-6.6400013,4.0322223,5.3858833],"to":[2.3600006,6.1922226,7.545883],"rotation":{"angle":0.0,"axis":"y","origin":[-3.58,5.112222,4.305883]},"faces":{"east":{"uv":[7.65625,4.78125,7.75,4.875],"rotation":0,"texture":"#0","tintindex":0},"south":{"uv":[8.375,5.28125,8.78125,5.375],"rotation":0,"texture":"#0","tintindex":0},"north":{"uv":[8.34375,4.25,8.75,4.34375],"rotation":0,"texture":"#0","tintindex":0},"west":{"uv":[7.75,4.78125,7.84375,4.875],"rotation":0,"texture":"#0","tintindex":0},"up":{"uv":[8.78125,7.0625,8.375,6.96875],"rotation":0,"texture":"#0","tintindex":0},"down":{"uv":[8.8125,2.4375,8.40625,2.53125],"rotation":0,"texture":"#0","tintindex":0}}},{"from":[0.55999947,6.5522223,8.265883],"to":[9.56,8.712222,10.425883],"rotation":{"angle":-22.5,"axis":"z","origin":[5.06,5.112222,6.4658833]},"faces":{"east":{"uv":[6.84375,7.75,6.9375,7.84375],"rotation":0,"texture":"#0","tintindex":0},"south":{"uv":[3.46875,8.40625,3.875,8.5],"rotation":0,"texture":"#0","tintindex":0},"north":{"uv":[8.40625,3.21875,8.8125,3.3125],"rotation":0,"texture":"#0","tintindex":0},"west":{"uv":[6.9375,7.75,7.03125,7.84375],"rotation":0,"texture":"#0","tintindex":0},"up":{"uv":[8.8125,3.59375,8.40625,3.5],"rotation":0,"texture":"#0","tintindex":0},"down":{"uv":[8.8125,3.59375,8.40625,3.6875],"rotation":0,"texture":"#0","tintindex":0}}},{"from":[-6.2800007,-0.64777756,6.4658833],"to":[2.7199998,1.5122218,8.625883],"rotation":{"angle":22.5,"axis":"z","origin":[5.06,5.112222,4.665883]},"faces":{"east":{"uv":[2.15625,7.8125,2.25,7.90625],"rotation":0,"texture":"#0","tintindex":0},"south":{"uv":[8.40625,4.4375,8.8125,4.53125],"rotation":0,"texture":"#0","tintindex":0},"north":{"uv":[8.40625,4.34375,8.8125,4.4375],"rotation":0,"texture":"#0","tintindex":0},"west":{"uv":[7.875,2.3125,7.96875,2.40625],"rotation":0,"texture":"#0","tintindex":0},"up":{"uv":[8.8125,4.625,8.40625,4.53125],"rotation":0,"texture":"#0","tintindex":0},"down":{"uv":[8.8125,4.625,8.40625,4.71875],"rotation":0,"texture":"#0","tintindex":0}}},{"from":[-7.3600006,-4.247778,11.865883],"to":[1.2799997,-2.8077784,12.945883],"rotation":{"angle":-45.0,"axis":"y","origin":[5.06,5.112222,4.665883]},"faces":{"east":{"uv":[3.9375,1.0625,4.0,1.125],"rotation":0,"texture":"#0","tintindex":0},"south":{"uv":[6.125,3.96875,6.53125,4.03125],"rotation":0,"texture":"#0","tintindex":0},"north":{"uv":[3.53125,1.0625,3.9375,1.125],"rotation":0,"texture":"#0","tintindex":0},"west":{"uv":[3.0,5.0625,3.0625,5.125],"rotation":0,"texture":"#0","tintindex":0},"up":{"uv":[7.03125,2.71875,6.625,2.65625],"rotation":0,"texture":"#0","tintindex":0},"down":{"uv":[8.0,2.0625,7.59375,2.125],"rotation":0,"texture":"#0","tintindex":0}}},{"from":[-4.657957,8.586783,6.4658833],"to":[2.5420432,10.386784,8.265883],"rotation":{"angle":-22.5,"axis":"y","origin":[-1.9579563,10.746784,9.345883]},"faces":{"east":{"uv":[6.125,7.90625,6.21875,8.0],"rotation":0,"texture":"#0","tintindex":0},"south":{"uv":[8.59375,2.53125,8.9375,2.625],"rotation":0,"texture":"#0","tintindex":0},"north":{"uv":[4.75,4.5625,5.09375,4.65625],"rotation":0,"texture":"#0","tintindex":0},"west":{"uv":[7.9375,1.75,8.03125,1.84375],"rotation":0,"texture":"#0","tintindex":0},"up":{"uv":[8.9375,2.71875,8.59375,2.625],"rotation":0,"texture":"#0","tintindex":0},"down":{"uv":[8.9375,2.71875,8.59375,2.8125],"rotation":0,"texture":"#0","tintindex":0}}},{"from":[-16.0,4.3922224,6.4658833],"to":[-3.4000006,5.832222,8.265883],"rotation":{"angle":-45.0,"axis":"y","origin":[-3.58,5.112222,4.305883]},"faces":{"east":{"uv":[2.9375,1.25,3.03125,1.3125],"rotation":0,"texture":"#0","tintindex":0},"south":{"uv":[2.375,1.25,2.9375,1.3125],"rotation":0,"texture":"#0","tintindex":0},"north":{"uv":[1.8125,1.25,2.375,1.3125],"rotation":0,"texture":"#0","tintindex":0},"west":{"uv":[3.09375,4.28125,3.1875,4.34375],"rotation":0,"texture":"#0","tintindex":0},"up":{"uv":[4.71875,3.125,4.15625,3.03125],"rotation":0,"texture":"#0","tintindex":0},"down":{"uv":[5.9375,3.5,5.375,3.59375],"rotation":0,"texture":"#0","tintindex":0}}},{"from":[-6.6400013,0.07222223,5.3858833],"to":[2.3600006,2.232222,7.545883],"rotation":{"angle":0.0,"axis":"y","origin":[-3.58,1.1522222,4.305883]},"faces":{"east":{"uv":[6.75,7.9375,6.84375,8.03125],"rotation":0,"texture":"#0","tintindex":0},"south":{"uv":[8.40625,5.46875,8.8125,5.5625],"rotation":0,"texture":"#0","tintindex":0},"north":{"uv":[8.40625,5.375,8.8125,5.46875],"rotation":0,"texture":"#0","tintindex":0},"west":{"uv":[7.96875,0.4375,8.0625,0.53125],"rotation":0,"texture":"#0","tintindex":0},"up":{"uv":[8.8125,5.65625,8.40625,5.5625],"rotation":0,"texture":"#0","tintindex":0},"down":{"uv":[8.8125,5.65625,8.40625,5.75],"rotation":0,"texture":"#0","tintindex":0}}},{"from":[-14.559999,0.43222237,6.4658833],"to":[-3.4000006,1.872222,8.265883],"rotation":{"angle":-45.0,"axis":"y","origin":[-3.58,1.1522222,4.305883]},"faces":{"east":{"uv":[2.90625,5.0625,3.0,5.125],"rotation":0,"texture":"#0","tintindex":0},"south":{"uv":[8.40625,3.6875,8.90625,3.75],"rotation":0,"texture":"#0","tintindex":0},"north":{"uv":[6.5,2.25,7.0,2.3125],"rotation":0,"texture":"#0","tintindex":0},"west":{"uv":[4.9375,5.125,5.03125,5.1875],"rotation":0,"texture":"#0","tintindex":0},"up":{"uv":[8.59375,0.25,8.09375,0.15625],"rotation":0,"texture":"#0","tintindex":0},"down":{"uv":[8.59375,0.25,8.09375,0.34375],"rotation":0,"texture":"#0","tintindex":0}}}],"display":{"head":{"translation":[-9.921677,-6.4,0.0],"scale":[4.0,4.0,4.0]}}}