{"textures":{"0":"modelengine:entity/toro_wither"},"elements":[{"from":[10.170829,2.3085713,1.856],"to":[16.314829,14.596571,14.144],"rotation":{"angle":0.0,"axis":"y","origin":[2.4908285,9.988571,8.0]},"faces":{"east":{"uv":[0.0,3.125,0.5625,3.6875],"rotation":0,"texture":"#0","tintindex":0},"south":{"uv":[2.4375,5.5,2.71875,6.0625],"rotation":0,"texture":"#0","tintindex":0},"north":{"uv":[5.5,1.0,5.78125,1.5625],"rotation":0,"texture":"#0","tintindex":0},"west":{"uv":[0.5625,3.125,1.125,3.6875],"rotation":0,"texture":"#0","tintindex":0},"up":{"uv":[5.78125,5.96875,5.5,5.40625],"rotation":0,"texture":"#0","tintindex":0},"down":{"uv":[3.0,5.5625,2.71875,6.125],"rotation":0,"texture":"#0","tintindex":0}}},{"from":[-0.581172,7.6845713,4.16],"to":[13.242828,15.364572,12.224001],"rotation":{"angle":-22.5,"axis":"z","origin":[-0.581172,8.068571,8.192]},"faces":{"east":{"uv":[6.125,5.0625,6.5,5.40625],"rotation":0,"texture":"#0","tintindex":0},"south":{"uv":[4.75,4.21875,5.375,4.5625],"rotation":0,"texture":"#0","tintindex":0},"north":{"uv":[2.4375,4.71875,3.0625,5.0625],"rotation":0,"texture":"#0","tintindex":0},"west":{"uv":[6.15625,1.53125,6.53125,1.875],"rotation":0,"texture":"#0","tintindex":0},"up":{"uv":[4.625,0.75,4.0,0.375],"rotation":0,"texture":"#0","tintindex":0},"down":{"uv":[4.625,0.75,4.0,1.125],"rotation":0,"texture":"#0","tintindex":0}}},{"from":[-14.405172,9.2205715,5.696],"to":[-0.581172,13.828571,10.688],"rotation":{"angle":-22.5,"axis":"z","origin":[-0.581172,8.068571,8.192]},"faces":{"east":{"uv":[0.4375,8.1875,0.65625,8.40625],"rotation":0,"texture":"#0","tintindex":0},"south":{"uv":[6.09375,1.09375,6.71875,1.3125],"rotation":0,"texture":"#0","tintindex":0},"north":{"uv":[6.09375,0.875,6.71875,1.09375],"rotation":0,"texture":"#0","tintindex":0},"west":{"uv":[8.1875,1.6875,8.40625,1.90625],"rotation":0,"texture":"#0","tintindex":0},"up":{"uv":[6.71875,1.53125,6.09375,1.3125],"rotation":0,"texture":"#0","tintindex":0},"down":{"uv":[6.71875,5.40625,6.09375,5.625],"rotation":0,"texture":"#0","tintindex":0}}},{"from":[-9.400789,12.417814,6.08],"to":[-5.944788,22.785814,10.304],"rotation":{"angle":22.5,"axis":"z","origin":[-11.320789,16.257814,8.192]},"faces":{"east":{"uv":[7.28125,4.875,7.46875,5.34375],"rotation":0,"texture":"#0","tintindex":0},"south":{"uv":[7.625,2.5,7.78125,2.96875],"rotation":0,"texture":"#0","tintindex":0},"north":{"uv":[5.03125,7.59375,5.1875,8.0625],"rotation":0,"texture":"#0","tintindex":0},"west":{"uv":[6.875,7.28125,7.0625,7.75],"rotation":0,"texture":"#0","tintindex":0},"up":{"uv":[6.40625,7.875,6.25,7.6875],"rotation":0,"texture":"#0","tintindex":0},"down":{"uv":[1.9375,7.78125,1.78125,7.96875],"rotation":0,"texture":"#0","tintindex":0}}},{"from":[-14.008791,15.873815,8.0],"to":[-10.55279,23.169815,12.224001],"rotation":{"angle":22.5,"axis":"z","origin":[-11.320789,16.257814,8.192]},"faces":{"east":{"uv":[7.21875,7.65625,7.40625,8.0],"rotation":0,"texture":"#0","tintindex":0},"south":{"uv":[7.15625,8.0,7.3125,8.34375],"rotation":0,"texture":"#0","tintindex":0},"north":{"uv":[6.59375,8.0,6.75,8.34375],"rotation":0,"texture":"#0","tintindex":0},"west":{"uv":[4.03125,7.71875,4.21875,8.0625],"rotation":0,"texture":"#0","tintindex":0},"up":{"uv":[8.75,5.15625,8.59375,4.96875],"rotation":0,"texture":"#0","tintindex":0},"down":{"uv":[8.75,6.25,8.59375,6.4375],"rotation":0,"texture":"#0","tintindex":0}}},{"from":[-16.0,20.934298,8.384],"to":[-12.543999,28.230297,11.84],"rotation":{"angle":0.0,"axis":"y","origin":[-15.808001,24.582296,10.112]},"faces":{"east":{"uv":[1.4375,8.03125,1.59375,8.375],"rotation":0,"texture":"#0","tintindex":0},"south":{"uv":[1.59375,8.03125,1.75,8.375],"rotation":0,"texture":"#0","tintindex":0},"north":{"uv":[1.28125,8.03125,1.4375,8.375],"rotation":0,"texture":"#0","tintindex":0},"west":{"uv":[8.03125,1.75,8.1875,2.09375],"rotation":0,"texture":"#0","tintindex":0},"up":{"uv":[4.84375,8.84375,4.6875,8.6875],"rotation":0,"texture":"#0","tintindex":0},"down":{"uv":[6.03125,8.6875,5.875,8.84375],"rotation":0,"texture":"#0","tintindex":0}}},{"from":[-13.325262,5.060146,6.4639997],"to":[-8.717262,17.348146,9.92],"rotation":{"angle":0.0,"axis":"y","origin":[-12.5572605,14.276146,8.192]},"faces":{"east":{"uv":[0.21875,7.1875,0.375,7.75],"rotation":0,"texture":"#0","tintindex":0},"south":{"uv":[6.15625,6.53125,6.375,7.09375],"rotation":0,"texture":"#0","tintindex":0},"north":{"uv":[6.53125,4.125,6.75,4.6875],"rotation":0,"texture":"#0","tintindex":0},"west":{"uv":[2.15625,7.25,2.3125,7.8125],"rotation":0,"texture":"#0","tintindex":0},"up":{"uv":[7.59375,4.4375,7.375,4.28125],"rotation":0,"texture":"#0","tintindex":0},"down":{"uv":[8.78125,0.0,8.5625,0.15625],"rotation":0,"texture":"#0","tintindex":0}}}],"display":{"head":{"translation":[-20.203316,-6.4,0.0],"scale":[4.0,4.0,4.0]}}}