{"textures":{"0":"modelengine:entity/toro_wither"},"elements":[{"from":[5.4057646,-1.0077782,1.7051711],"to":[17.285767,5.4722223,6.0251713],"rotation":{"angle":22.5,"axis":"y","origin":[20.705765,1.5122218,8.905171]},"faces":{"east":{"uv":[8.03125,1.1875,8.21875,1.46875],"rotation":0,"texture":"#0","tintindex":0},"south":{"uv":[5.6875,3.0,6.21875,3.28125],"rotation":0,"texture":"#0","tintindex":0},"north":{"uv":[5.6875,2.71875,6.21875,3.0],"rotation":0,"texture":"#0","tintindex":0},"west":{"uv":[2.8125,8.03125,3.0,8.3125],"rotation":0,"texture":"#0","tintindex":0},"up":{"uv":[7.28125,1.71875,6.75,1.53125],"rotation":0,"texture":"#0","tintindex":0},"down":{"uv":[7.28125,1.71875,6.75,1.90625],"rotation":0,"texture":"#0","tintindex":0}}},{"from":[13.639999,4.0322223,5.3858833],"to":[22.640001,6.1922226,7.545883],"rotation":{"angle":0.0,"axis":"y","origin":[19.58,5.112222,4.305883]},"faces":{"east":{"uv":[0.21875,8.09375,0.3125,8.1875],"rotation":0,"texture":"#0","tintindex":0},"south":{"uv":[8.40625,5.84375,8.8125,5.9375],"rotation":0,"texture":"#0","tintindex":0},"north":{"uv":[8.40625,5.75,8.8125,5.84375],"rotation":0,"texture":"#0","tintindex":0},"west":{"uv":[0.3125,8.09375,0.40625,8.1875],"rotation":0,"texture":"#0","tintindex":0},"up":{"uv":[8.8125,8.28125,8.40625,8.1875],"rotation":0,"texture":"#0","tintindex":0},"down":{"uv":[8.8125,8.28125,8.40625,8.375],"rotation":0,"texture":"#0","tintindex":0}}},{"from":[6.4399996,6.5522223,8.265883],"to":[15.440001,8.712222,10.425883],"rotation":{"angle":22.5,"axis":"z","origin":[10.940001,5.112222,6.4658833]},"faces":{"east":{"uv":[3.21875,8.1875,3.3125,8.28125],"rotation":0,"texture":"#0","tintindex":0},"south":{"uv":[8.4375,0.59375,8.84375,0.6875],"rotation":0,"texture":"#0","tintindex":0},"north":{"uv":[8.40625,8.375,8.8125,8.46875],"rotation":0,"texture":"#0","tintindex":0},"west":{"uv":[7.0625,8.21875,7.15625,8.3125],"rotation":0,"texture":"#0","tintindex":0},"up":{"uv":[8.84375,0.78125,8.4375,0.6875],"rotation":0,"texture":"#0","tintindex":0},"down":{"uv":[8.84375,0.78125,8.4375,0.875],"rotation":0,"texture":"#0","tintindex":0}}},{"from":[13.280001,-0.64777756,6.4658833],"to":[22.28,1.5122218,8.625883],"rotation":{"angle":-22.5,"axis":"z","origin":[10.940001,5.112222,4.665883]},"faces":{"east":{"uv":[8.0,8.34375,8.09375,8.4375],"rotation":0,"texture":"#0","tintindex":0},"south":{"uv":[8.4375,6.46875,8.84375,6.5625],"rotation":0,"texture":"#0","tintindex":0},"north":{"uv":[8.4375,0.875,8.84375,0.96875],"rotation":0,"texture":"#0","tintindex":0},"west":{"uv":[0.625,8.625,0.71875,8.71875],"rotation":0,"texture":"#0","tintindex":0},"up":{"uv":[8.84375,6.65625,8.4375,6.5625],"rotation":0,"texture":"#0","tintindex":0},"down":{"uv":[8.84375,6.65625,8.4375,6.75],"rotation":0,"texture":"#0","tintindex":0}}},{"from":[14.72,-4.247778,11.865883],"to":[23.36,-2.8077784,12.945883],"rotation":{"angle":45.0,"axis":"y","origin":[10.940001,5.112222,4.665883]},"faces":{"east":{"uv":[5.375,4.5,5.4375,4.5625],"rotation":0,"texture":"#0","tintindex":0},"south":{"uv":[8.625,0.4375,9.03125,0.5],"rotation":0,"texture":"#0","tintindex":0},"north":{"uv":[8.59375,8.0,9.0,8.0625],"rotation":0,"texture":"#0","tintindex":0},"west":{"uv":[4.75,5.75,4.8125,5.8125],"rotation":0,"texture":"#0","tintindex":0},"up":{"uv":[9.03125,0.5625,8.625,0.5],"rotation":0,"texture":"#0","tintindex":0},"down":{"uv":[9.03125,2.8125,8.625,2.875],"rotation":0,"texture":"#0","tintindex":0}}},{"from":[13.457956,8.586783,6.4658833],"to":[20.657957,10.386784,8.265883],"rotation":{"angle":22.5,"axis":"y","origin":[17.957956,10.746784,9.345883]},"faces":{"east":{"uv":[8.625,3.96875,8.71875,4.0625],"rotation":0,"texture":"#0","tintindex":0},"south":{"uv":[8.59375,3.40625,8.9375,3.5],"rotation":0,"texture":"#0","tintindex":0},"north":{"uv":[8.59375,3.3125,8.9375,3.40625],"rotation":0,"texture":"#0","tintindex":0},"west":{"uv":[8.75,0.28125,8.84375,0.375],"rotation":0,"texture":"#0","tintindex":0},"up":{"uv":[8.9375,4.8125,8.59375,4.71875],"rotation":0,"texture":"#0","tintindex":0},"down":{"uv":[8.9375,4.8125,8.59375,4.90625],"rotation":0,"texture":"#0","tintindex":0}}},{"from":[19.400002,4.3922224,6.4658833],"to":[32.0,5.832222,8.265883],"rotation":{"angle":45.0,"axis":"y","origin":[19.58,5.112222,4.305883]},"faces":{"east":{"uv":[5.03125,5.125,5.125,5.1875],"rotation":0,"texture":"#0","tintindex":0},"south":{"uv":[5.3125,2.5,5.875,2.5625],"rotation":0,"texture":"#0","tintindex":0},"north":{"uv":[4.75,1.875,5.3125,1.9375],"rotation":0,"texture":"#0","tintindex":0},"west":{"uv":[5.5,1.5625,5.59375,1.625],"rotation":0,"texture":"#0","tintindex":0},"up":{"uv":[7.875,2.40625,7.3125,2.3125],"rotation":0,"texture":"#0","tintindex":0},"down":{"uv":[8.53125,0.34375,7.96875,0.4375],"rotation":0,"texture":"#0","tintindex":0}}},{"from":[13.639999,0.07222223,5.3858833],"to":[22.640001,2.232222,7.545883],"rotation":{"angle":0.0,"axis":"y","origin":[19.58,1.1522222,4.305883]},"faces":{"east":{"uv":[8.75,1.09375,8.84375,1.1875],"rotation":0,"texture":"#0","tintindex":0},"south":{"uv":[8.46875,7.15625,8.875,7.25],"rotation":0,"texture":"#0","tintindex":0},"north":{"uv":[8.46875,7.0625,8.875,7.15625],"rotation":0,"texture":"#0","tintindex":0},"west":{"uv":[8.75,6.375,8.84375,6.46875],"rotation":0,"texture":"#0","tintindex":0},"up":{"uv":[8.875,7.34375,8.46875,7.25],"rotation":0,"texture":"#0","tintindex":0},"down":{"uv":[8.875,7.34375,8.46875,7.4375],"rotation":0,"texture":"#0","tintindex":0}}},{"from":[19.400002,0.43222237,6.4658833],"to":[30.56,1.872222,8.265883],"rotation":{"angle":45.0,"axis":"y","origin":[19.58,1.1522222,4.305883]},"faces":{"east":{"uv":[2.71875,5.5,2.8125,5.5625],"rotation":0,"texture":"#0","tintindex":0},"south":{"uv":[8.59375,4.90625,9.09375,4.96875],"rotation":0,"texture":"#0","tintindex":0},"north":{"uv":[8.53125,0.375,9.03125,0.4375],"rotation":0,"texture":"#0","tintindex":0},"west":{"uv":[2.8125,5.5,2.90625,5.5625],"rotation":0,"texture":"#0","tintindex":0},"up":{"uv":[8.6875,2.0,8.1875,1.90625],"rotation":0,"texture":"#0","tintindex":0},"down":{"uv":[8.6875,2.0,8.1875,2.09375],"rotation":0,"texture":"#0","tintindex":0}}}],"display":{"head":{"translation":[9.921677,-6.4,0.0],"scale":[4.0,4.0,4.0]}}}