{"textures":{"0":"modelengine:entity/toro_wither"},"elements":[{"from":[6.08,0.9130225,9.204723],"to":[9.92,3.7930226,12.084724],"rotation":{"angle":-22.5,"axis":"x","origin":[8.48,9.793023,2.0047235]},"faces":{"east":{"uv":[8.8125,5.40625,8.9375,5.53125],"rotation":0,"texture":"#0","tintindex":0},"south":{"uv":[8.71875,1.625,8.90625,1.75],"rotation":0,"texture":"#0","tintindex":0},"north":{"uv":[8.71875,1.3125,8.90625,1.4375],"rotation":0,"texture":"#0","tintindex":0},"west":{"uv":[8.8125,5.53125,8.9375,5.65625],"rotation":0,"texture":"#0","tintindex":0},"up":{"uv":[8.90625,1.875,8.71875,1.75],"rotation":0,"texture":"#0","tintindex":0},"down":{"uv":[8.90625,2.28125,8.71875,2.40625],"rotation":0,"texture":"#0","tintindex":0}}},{"from":[6.08,-5.806978,9.204723],"to":[9.92,-2.9269772,12.084724],"rotation":{"angle":-22.5,"axis":"x","origin":[8.48,9.793023,2.0047235]},"faces":{"east":{"uv":[8.8125,5.65625,8.9375,5.78125],"rotation":0,"texture":"#0","tintindex":0},"south":{"uv":[8.71875,8.65625,8.90625,8.78125],"rotation":0,"texture":"#0","tintindex":0},"north":{"uv":[8.71875,3.09375,8.90625,3.21875],"rotation":0,"texture":"#0","tintindex":0},"west":{"uv":[8.8125,5.78125,8.9375,5.90625],"rotation":0,"texture":"#0","tintindex":0},"up":{"uv":[8.9375,0.28125,8.75,0.15625],"rotation":0,"texture":"#0","tintindex":0},"down":{"uv":[8.9375,0.96875,8.75,1.09375],"rotation":0,"texture":"#0","tintindex":0}}},{"from":[2.7199998,0.9130225,6.0847235],"to":[13.280001,3.7930226,8.964724],"rotation":{"angle":-22.5,"axis":"x","origin":[8.0,9.793023,2.0047235]},"faces":{"east":{"uv":[8.8125,7.4375,8.9375,7.5625],"rotation":0,"texture":"#0","tintindex":0},"south":{"uv":[7.8125,6.1875,8.28125,6.3125],"rotation":0,"texture":"#0","tintindex":0},"north":{"uv":[7.8125,6.0625,8.28125,6.1875],"rotation":0,"texture":"#0","tintindex":0},"west":{"uv":[7.875,8.8125,8.0,8.9375],"rotation":0,"texture":"#0","tintindex":0},"up":{"uv":[8.3125,0.9375,7.84375,0.8125],"rotation":0,"texture":"#0","tintindex":0},"down":{"uv":[8.3125,0.9375,7.84375,1.0625],"rotation":0,"texture":"#0","tintindex":0}}},{"from":[2.7199998,-5.806978,6.0847235],"to":[13.280001,-2.9269772,8.964724],"rotation":{"angle":-22.5,"axis":"x","origin":[8.0,9.793023,2.0047235]},"faces":{"east":{"uv":[8.1875,8.8125,8.3125,8.9375],"rotation":0,"texture":"#0","tintindex":0},"south":{"uv":[6.25,7.875,6.71875,8.0],"rotation":0,"texture":"#0","tintindex":0},"north":{"uv":[7.84375,1.0625,8.3125,1.1875],"rotation":0,"texture":"#0","tintindex":0},"west":{"uv":[8.8125,8.1875,8.9375,8.3125],"rotation":0,"texture":"#0","tintindex":0},"up":{"uv":[8.34375,7.375,7.875,7.25],"rotation":0,"texture":"#0","tintindex":0},"down":{"uv":[8.34375,7.375,7.875,7.5],"rotation":0,"texture":"#0","tintindex":0}}},{"from":[5.6,-5.3269777,7.764724],"to":[10.4,8.113023,14.484724],"rotation":{"angle":-22.5,"axis":"x","origin":[8.0,0.6730223,8.484724]},"faces":{"east":{"uv":[0.3125,5.1875,0.625,5.8125],"rotation":0,"texture":"#0","tintindex":0},"south":{"uv":[1.3125,6.0625,1.53125,6.6875],"rotation":0,"texture":"#0","tintindex":0},"north":{"uv":[0.625,5.90625,0.84375,6.53125],"rotation":0,"texture":"#0","tintindex":0},"west":{"uv":[4.9375,5.1875,5.25,5.8125],"rotation":0,"texture":"#0","tintindex":0},"up":{"uv":[5.5,6.9375,5.28125,6.625],"rotation":0,"texture":"#0","tintindex":0},"down":{"uv":[2.15625,7.65625,1.9375,7.96875],"rotation":0,"texture":"#0","tintindex":0}}},{"from":[6.56,-15.588442,16.7515],"to":[9.440001,-2.1484413,21.551498],"rotation":{"angle":-45.0,"axis":"x","origin":[8.0,-10.068441,15.791499]},"faces":{"east":{"uv":[1.53125,6.0625,1.75,6.6875],"rotation":0,"texture":"#0","tintindex":0},"south":{"uv":[0.9375,7.375,1.0625,8.0],"rotation":0,"texture":"#0","tintindex":0},"north":{"uv":[6.71875,7.3125,6.84375,7.9375],"rotation":0,"texture":"#0","tintindex":0},"west":{"uv":[3.6875,6.125,3.90625,6.75],"rotation":0,"texture":"#0","tintindex":0},"up":{"uv":[5.75,8.875,5.625,8.65625],"rotation":0,"texture":"#0","tintindex":0},"down":{"uv":[5.875,8.65625,5.75,8.875],"rotation":0,"texture":"#0","tintindex":0}}}],"display":{"head":{"translation":[0.0,-6.4,0.0],"scale":[4.0,4.0,4.0]}}}