{"textures":{"2":"modelengine:entity/colossus"},"elements":[{"from":[-6.285713,2.2857141,-0.57142925],"to":[2.285716,9.142858,11.428572],"rotation":{"angle":0.0,"axis":"y","origin":[11.428574,8.0,8.0]},"faces":{"east":{"uv":[11.96875,9.25,12.625,9.625],"rotation":0,"texture":"#2","tintindex":0},"south":{"uv":[12.75,1.28125,13.21875,1.65625],"rotation":0,"texture":"#2","tintindex":0},"north":{"uv":[12.71875,9.90625,13.1875,10.28125],"rotation":0,"texture":"#2","tintindex":0},"west":{"uv":[12.0,0.0,12.65625,0.375],"rotation":0,"texture":"#2","tintindex":0},"up":{"uv":[11.96875,3.84375,11.5,3.1875],"rotation":0,"texture":"#2","tintindex":0},"down":{"uv":[11.96875,7.90625,11.5,8.5625],"rotation":0,"texture":"#2","tintindex":0}}},{"from":[2.285716,2.2857141,-0.57142925],"to":[18.857145,13.142858,11.428572],"rotation":{"angle":0.0,"axis":"y","origin":[11.428574,8.0,8.0]},"faces":{"east":{"uv":[10.875,9.15625,11.53125,9.75],"rotation":0,"texture":"#2","tintindex":0},"south":{"uv":[8.59375,9.90625,9.5,10.5],"rotation":0,"texture":"#2","tintindex":0},"north":{"uv":[9.875,6.71875,10.78125,7.3125],"rotation":0,"texture":"#2","tintindex":0},"west":{"uv":[10.875,9.75,11.53125,10.34375],"rotation":0,"texture":"#2","tintindex":0},"up":{"uv":[10.15625,1.34375,9.25,0.6875],"rotation":0,"texture":"#2","tintindex":0},"down":{"uv":[10.15625,1.34375,9.25,2.0],"rotation":0,"texture":"#2","tintindex":0}}},{"from":[-10.8571415,2.2857141,-1.7142859],"to":[2.285716,6.857143,12.571428],"rotation":{"angle":0.0,"axis":"y","origin":[11.428574,8.0,8.0]},"faces":{"east":{"uv":[12.625,9.25,13.40625,9.5],"rotation":0,"texture":"#2","tintindex":0},"south":{"uv":[12.6875,2.3125,13.40625,2.5625],"rotation":0,"texture":"#2","tintindex":0},"north":{"uv":[12.65625,11.0625,13.375,11.3125],"rotation":0,"texture":"#2","tintindex":0},"west":{"uv":[12.65625,0.0,13.4375,0.25],"rotation":0,"texture":"#2","tintindex":0},"up":{"uv":[10.375,2.78125,9.65625,2.0],"rotation":0,"texture":"#2","tintindex":0},"down":{"uv":[10.40625,3.53125,9.6875,4.3125],"rotation":0,"texture":"#2","tintindex":0}}},{"from":[-16.0,2.2857141,0.79999924],"to":[-0.57142735,9.714286,4.2285714],"rotation":{"angle":0.0,"axis":"y","origin":[11.428574,8.0,8.0]},"faces":{"east":{"uv":[6.28125,11.0625,6.46875,11.46875],"rotation":0,"texture":"#2","tintindex":0},"south":{"uv":[11.40625,10.34375,12.25,10.75],"rotation":0,"texture":"#2","tintindex":0},"north":{"uv":[10.1875,11.40625,11.03125,11.8125],"rotation":0,"texture":"#2","tintindex":0},"west":{"uv":[11.53125,13.15625,11.71875,13.5625],"rotation":0,"texture":"#2","tintindex":0},"up":{"uv":[13.53125,5.03125,12.6875,4.84375],"rotation":0,"texture":"#2","tintindex":0},"down":{"uv":[13.5625,0.8125,12.71875,1.0],"rotation":0,"texture":"#2","tintindex":0}}},{"from":[-15.42857,2.2857141,5.142857],"to":[-0.57142735,8.571428,8.571428],"rotation":{"angle":-22.5,"axis":"y","origin":[11.428574,8.0,8.0]},"faces":{"east":{"uv":[13.25,5.03125,13.4375,5.375],"rotation":0,"texture":"#2","tintindex":0},"south":{"uv":[7.28125,5.28125,8.09375,5.625],"rotation":0,"texture":"#2","tintindex":0},"north":{"uv":[3.5625,2.09375,4.375,2.4375],"rotation":0,"texture":"#2","tintindex":0},"west":{"uv":[13.25,5.375,13.4375,5.71875],"rotation":0,"texture":"#2","tintindex":0},"up":{"uv":[13.59375,9.90625,12.78125,9.71875],"rotation":0,"texture":"#2","tintindex":0},"down":{"uv":[13.59375,10.5,12.78125,10.6875],"rotation":0,"texture":"#2","tintindex":0}}},{"from":[-16.0,2.2857141,5.714286],"to":[-0.57142735,10.857143,9.142858],"rotation":{"angle":0.0,"axis":"y","origin":[11.428574,8.0,8.0]},"faces":{"east":{"uv":[1.03125,10.21875,1.21875,10.6875],"rotation":0,"texture":"#2","tintindex":0},"south":{"uv":[10.875,2.71875,11.71875,3.1875],"rotation":0,"texture":"#2","tintindex":0},"north":{"uv":[10.8125,4.0625,11.65625,4.53125],"rotation":0,"texture":"#2","tintindex":0},"west":{"uv":[13.125,8.65625,13.3125,9.125],"rotation":0,"texture":"#2","tintindex":0},"up":{"uv":[13.59375,2.25,12.75,2.0625],"rotation":0,"texture":"#2","tintindex":0},"down":{"uv":[13.59375,3.8125,12.75,4.0],"rotation":0,"texture":"#2","tintindex":0}}},{"from":[-13.142857,2.2857141,1.7142854],"to":[-0.57142735,8.571428,5.142857],"rotation":{"angle":22.5,"axis":"y","origin":[11.428574,8.0,8.0]},"faces":{"east":{"uv":[6.34375,13.25,6.53125,13.59375],"rotation":0,"texture":"#2","tintindex":0},"south":{"uv":[12.03125,0.71875,12.71875,1.0625],"rotation":0,"texture":"#2","tintindex":0},"north":{"uv":[12.03125,0.375,12.71875,0.71875],"rotation":0,"texture":"#2","tintindex":0},"west":{"uv":[13.25,6.34375,13.4375,6.6875],"rotation":0,"texture":"#2","tintindex":0},"up":{"uv":[10.6875,6.71875,10.0,6.53125],"rotation":0,"texture":"#2","tintindex":0},"down":{"uv":[13.6875,12.5625,13.0,12.75],"rotation":0,"texture":"#2","tintindex":0}}}],"display":{"head":{"translation":[-13.714294,-6.4,0.0],"scale":[4.0,4.0,4.0]}}}