{"textures":{"2":"modelengine:entity/colossus"},"elements":[{"from":[-6.285713,2.2857141,4.5714283],"to":[2.285716,9.142858,16.57143],"rotation":{"angle":0.0,"axis":"y","origin":[11.428574,8.0,8.0]},"faces":{"east":{"uv":[12.625,9.25,11.96875,9.625],"rotation":0,"texture":"#2","tintindex":0},"south":{"uv":[13.1875,9.90625,12.71875,10.28125],"rotation":0,"texture":"#2","tintindex":0},"north":{"uv":[13.21875,1.28125,12.75,1.65625],"rotation":0,"texture":"#2","tintindex":0},"west":{"uv":[12.65625,0.0,12.0,0.375],"rotation":0,"texture":"#2","tintindex":0},"up":{"uv":[11.96875,3.1875,11.5,3.84375],"rotation":0,"texture":"#2","tintindex":0},"down":{"uv":[11.96875,8.5625,11.5,7.90625],"rotation":0,"texture":"#2","tintindex":0}}},{"from":[2.285716,2.2857141,4.5714283],"to":[18.857145,13.142858,16.57143],"rotation":{"angle":0.0,"axis":"y","origin":[11.428574,8.0,8.0]},"faces":{"east":{"uv":[11.53125,9.15625,10.875,9.75],"rotation":0,"texture":"#2","tintindex":0},"south":{"uv":[10.78125,6.71875,9.875,7.3125],"rotation":0,"texture":"#2","tintindex":0},"north":{"uv":[9.5,9.90625,8.59375,10.5],"rotation":0,"texture":"#2","tintindex":0},"west":{"uv":[11.53125,9.75,10.875,10.34375],"rotation":0,"texture":"#2","tintindex":0},"up":{"uv":[10.15625,0.6875,9.25,1.34375],"rotation":0,"texture":"#2","tintindex":0},"down":{"uv":[10.15625,2.0,9.25,1.34375],"rotation":0,"texture":"#2","tintindex":0}}},{"from":[-10.8571415,2.2857141,3.4285712],"to":[2.285716,6.857143,17.714287],"rotation":{"angle":0.0,"axis":"y","origin":[11.428574,8.0,8.0]},"faces":{"east":{"uv":[13.40625,9.25,12.625,9.5],"rotation":0,"texture":"#2","tintindex":0},"south":{"uv":[13.375,11.0625,12.65625,11.3125],"rotation":0,"texture":"#2","tintindex":0},"north":{"uv":[13.40625,2.3125,12.6875,2.5625],"rotation":0,"texture":"#2","tintindex":0},"west":{"uv":[13.4375,0.0,12.65625,0.25],"rotation":0,"texture":"#2","tintindex":0},"up":{"uv":[10.375,2.0,9.65625,2.78125],"rotation":0,"texture":"#2","tintindex":0},"down":{"uv":[10.40625,4.3125,9.6875,3.53125],"rotation":0,"texture":"#2","tintindex":0}}},{"from":[-16.0,2.2857141,11.771429],"to":[-0.57142735,9.714286,15.200001],"rotation":{"angle":0.0,"axis":"y","origin":[11.428574,8.0,8.0]},"faces":{"east":{"uv":[6.46875,11.0625,6.28125,11.46875],"rotation":0,"texture":"#2","tintindex":0},"south":{"uv":[11.03125,11.40625,10.1875,11.8125],"rotation":0,"texture":"#2","tintindex":0},"north":{"uv":[12.25,10.34375,11.40625,10.75],"rotation":0,"texture":"#2","tintindex":0},"west":{"uv":[11.71875,13.15625,11.53125,13.5625],"rotation":0,"texture":"#2","tintindex":0},"up":{"uv":[13.53125,4.84375,12.6875,5.03125],"rotation":0,"texture":"#2","tintindex":0},"down":{"uv":[13.5625,1.0,12.71875,0.8125],"rotation":0,"texture":"#2","tintindex":0}}},{"from":[-15.42857,2.2857141,7.428571],"to":[-0.57142735,8.571428,10.857143],"rotation":{"angle":22.5,"axis":"y","origin":[11.428574,8.0,8.0]},"faces":{"east":{"uv":[13.4375,5.03125,13.25,5.375],"rotation":0,"texture":"#2","tintindex":0},"south":{"uv":[4.375,2.09375,3.5625,2.4375],"rotation":0,"texture":"#2","tintindex":0},"north":{"uv":[8.09375,5.28125,7.28125,5.625],"rotation":0,"texture":"#2","tintindex":0},"west":{"uv":[13.4375,5.375,13.25,5.71875],"rotation":0,"texture":"#2","tintindex":0},"up":{"uv":[13.59375,9.71875,12.78125,9.90625],"rotation":0,"texture":"#2","tintindex":0},"down":{"uv":[13.59375,10.6875,12.78125,10.5],"rotation":0,"texture":"#2","tintindex":0}}},{"from":[-16.0,2.2857141,6.857143],"to":[-0.57142735,10.857143,10.285714],"rotation":{"angle":0.0,"axis":"y","origin":[11.428574,8.0,8.0]},"faces":{"east":{"uv":[1.21875,10.21875,1.03125,10.6875],"rotation":0,"texture":"#2","tintindex":0},"south":{"uv":[11.65625,4.0625,10.8125,4.53125],"rotation":0,"texture":"#2","tintindex":0},"north":{"uv":[11.71875,2.71875,10.875,3.1875],"rotation":0,"texture":"#2","tintindex":0},"west":{"uv":[13.3125,8.65625,13.125,9.125],"rotation":0,"texture":"#2","tintindex":0},"up":{"uv":[13.59375,2.0625,12.75,2.25],"rotation":0,"texture":"#2","tintindex":0},"down":{"uv":[13.59375,4.0,12.75,3.8125],"rotation":0,"texture":"#2","tintindex":0}}},{"from":[-13.142857,2.2857141,10.857143],"to":[-0.57142735,8.571428,14.285715],"rotation":{"angle":-22.5,"axis":"y","origin":[11.428574,8.0,8.0]},"faces":{"east":{"uv":[6.53125,13.25,6.34375,13.59375],"rotation":0,"texture":"#2","tintindex":0},"south":{"uv":[12.71875,0.375,12.03125,0.71875],"rotation":0,"texture":"#2","tintindex":0},"north":{"uv":[12.71875,0.71875,12.03125,1.0625],"rotation":0,"texture":"#2","tintindex":0},"west":{"uv":[13.4375,6.34375,13.25,6.6875],"rotation":0,"texture":"#2","tintindex":0},"up":{"uv":[10.6875,6.53125,10.0,6.71875],"rotation":0,"texture":"#2","tintindex":0},"down":{"uv":[13.6875,12.75,13.0,12.5625],"rotation":0,"texture":"#2","tintindex":0}}}],"display":{"head":{"translation":[-13.714294,-6.4,0.0],"scale":[4.0,4.0,4.0]}}}