{"textures":{"2":"modelengine:entity/colossus"},"elements":[{"from":[-0.34558487,-13.714287,-2.285715],"to":[15.654415,16.571428,14.285715],"rotation":{"angle":0.0,"axis":"y","origin":[10.285714,33.715427,-1.1428576]},"faces":{"east":{"uv":[4.0625,3.4375,4.96875,5.09375],"rotation":0,"texture":"#2","tintindex":0},"south":{"uv":[4.96875,2.09375,5.84375,3.75],"rotation":0,"texture":"#2","tintindex":0},"north":{"uv":[0.90625,4.90625,1.78125,6.5625],"rotation":0,"texture":"#2","tintindex":0},"west":{"uv":[0.0,4.90625,0.90625,6.5625],"rotation":0,"texture":"#2","tintindex":0},"up":{"uv":[6.34375,8.8125,5.46875,7.90625],"rotation":0,"texture":"#2","tintindex":0},"down":{"uv":[7.21875,7.90625,6.34375,8.8125],"rotation":0,"texture":"#2","tintindex":0}}},{"from":[-3.2027273,-3.4285717,13.142858],"to":[16.225845,9.142857,16.0],"rotation":{"angle":22.5,"axis":"x","origin":[10.285714,-1.1417179,13.714286]},"faces":{"east":{"uv":[4.53125,7.875,4.6875,8.5625],"rotation":0,"texture":"#2","tintindex":0},"south":{"uv":[8.8125,6.75,9.875,7.4375],"rotation":0,"texture":"#2","tintindex":0},"north":{"uv":[8.59375,2.3125,9.65625,3.0],"rotation":0,"texture":"#2","tintindex":0},"west":{"uv":[12.28125,13.03125,12.4375,13.71875],"rotation":0,"texture":"#2","tintindex":0},"up":{"uv":[13.71875,11.46875,12.65625,11.3125],"rotation":0,"texture":"#2","tintindex":0},"down":{"uv":[13.75,2.5625,12.6875,2.71875],"rotation":0,"texture":"#2","tintindex":0}}},{"from":[0.7972717,2.2857132,10.285714],"to":[12.225844,13.142857,13.142858],"rotation":{"angle":22.5,"axis":"x","origin":[10.285714,-1.1417179,13.714286]},"faces":{"east":{"uv":[1.4375,13.09375,1.59375,13.6875],"rotation":0,"texture":"#2","tintindex":0},"south":{"uv":[2.65625,10.96875,3.28125,11.5625],"rotation":0,"texture":"#2","tintindex":0},"north":{"uv":[2.03125,10.96875,2.65625,11.5625],"rotation":0,"texture":"#2","tintindex":0},"west":{"uv":[3.125,13.09375,3.28125,13.6875],"rotation":0,"texture":"#2","tintindex":0},"up":{"uv":[6.46875,10.28125,5.84375,10.125],"rotation":0,"texture":"#2","tintindex":0},"down":{"uv":[11.5,3.1875,10.875,3.34375],"rotation":0,"texture":"#2","tintindex":0}}},{"from":[-1.4884415,6.285714,7.428571],"to":[14.511559,18.857143,10.285714],"rotation":{"angle":22.5,"axis":"x","origin":[10.285714,-1.1417179,13.714286]},"faces":{"east":{"uv":[12.4375,13.03125,12.59375,13.71875],"rotation":0,"texture":"#2","tintindex":0},"south":{"uv":[9.25,0.0,10.125,0.6875],"rotation":0,"texture":"#2","tintindex":0},"north":{"uv":[9.15625,7.96875,10.03125,8.65625],"rotation":0,"texture":"#2","tintindex":0},"west":{"uv":[2.8125,13.0625,2.96875,13.75],"rotation":0,"texture":"#2","tintindex":0},"up":{"uv":[13.625,4.15625,12.75,4.0],"rotation":0,"texture":"#2","tintindex":0},"down":{"uv":[13.78125,3.0625,12.90625,3.21875],"rotation":0,"texture":"#2","tintindex":0}}},{"from":[2.5115576,10.8571415,8.0],"to":[12.797273,31.428572,14.857143],"rotation":{"angle":22.5,"axis":"x","origin":[10.285714,19.42971,6.285714]},"faces":{"east":{"uv":[9.0,10.5,9.375,11.625],"rotation":0,"texture":"#2","tintindex":0},"south":{"uv":[0.6875,9.09375,1.25,10.21875],"rotation":0,"texture":"#2","tintindex":0},"north":{"uv":[3.84375,9.03125,4.40625,10.15625],"rotation":0,"texture":"#2","tintindex":0},"west":{"uv":[7.9375,10.53125,8.3125,11.65625],"rotation":0,"texture":"#2","tintindex":0},"up":{"uv":[6.03125,7.90625,5.46875,7.53125],"rotation":0,"texture":"#2","tintindex":0},"down":{"uv":[12.9375,6.4375,12.375,6.8125],"rotation":0,"texture":"#2","tintindex":0}}},{"from":[-2.0598707,-16.0,0.5714283],"to":[12.797273,5.714285,16.57143],"rotation":{"angle":0.0,"axis":"y","origin":[10.285714,33.715427,-1.1428576]},"faces":{"east":{"uv":[2.9375,6.625,3.8125,7.8125],"rotation":0,"texture":"#2","tintindex":0},"south":{"uv":[7.0,2.28125,7.8125,3.46875],"rotation":0,"texture":"#2","tintindex":0},"north":{"uv":[7.0,1.09375,7.8125,2.28125],"rotation":0,"texture":"#2","tintindex":0},"west":{"uv":[3.8125,6.6875,4.6875,7.875],"rotation":0,"texture":"#2","tintindex":0},"up":{"uv":[5.375,0.875,4.5625,0.0],"rotation":0,"texture":"#2","tintindex":0},"down":{"uv":[8.96875,8.8125,8.15625,9.6875],"rotation":0,"texture":"#2","tintindex":0}}},{"from":[-3.7741566,-16.0,0.5714283],"to":[-2.0598707,-2.8571434,5.714286],"rotation":{"angle":0.0,"axis":"y","origin":[10.285714,33.715427,-1.1428576]},"faces":{"east":{"uv":[6.34375,12.53125,6.625,13.25],"rotation":0,"texture":"#2","tintindex":0},"south":{"uv":[0.25,13.1875,0.34375,13.90625],"rotation":0,"texture":"#2","tintindex":0},"north":{"uv":[10.90625,13.15625,11.0,13.875],"rotation":0,"texture":"#2","tintindex":0},"west":{"uv":[0.40625,12.5625,0.6875,13.28125],"rotation":0,"texture":"#2","tintindex":0},"up":{"uv":[9.65625,2.28125,9.5625,2.0],"rotation":0,"texture":"#2","tintindex":0},"down":{"uv":[12.03125,0.375,11.9375,0.65625],"rotation":0,"texture":"#2","tintindex":0}}},{"from":[-3.7741566,-16.0,6.857143],"to":[-2.0598707,-12.000002,9.714286],"rotation":{"angle":0.0,"axis":"y","origin":[10.285714,33.715427,-1.1428576]},"faces":{"east":{"uv":[11.5,3.84375,11.65625,4.0625],"rotation":0,"texture":"#2","tintindex":0},"south":{"uv":[0.0,13.46875,0.09375,13.6875],"rotation":0,"texture":"#2","tintindex":0},"north":{"uv":[5.84375,3.53125,5.9375,3.75],"rotation":0,"texture":"#2","tintindex":0},"west":{"uv":[13.4375,0.0,13.59375,0.21875],"rotation":0,"texture":"#2","tintindex":0},"up":{"uv":[13.625,3.71875,13.53125,3.5625],"rotation":0,"texture":"#2","tintindex":0},"down":{"uv":[13.625,4.8125,13.53125,4.96875],"rotation":0,"texture":"#2","tintindex":0}}},{"from":[-3.7741566,-16.0,11.428572],"to":[-2.0598707,-5.1428585,15.428572],"rotation":{"angle":0.0,"axis":"y","origin":[10.285714,33.715427,-1.1428576]},"faces":{"east":{"uv":[10.15625,1.34375,10.375,1.9375],"rotation":0,"texture":"#2","tintindex":0},"south":{"uv":[9.28125,11.625,9.375,12.21875],"rotation":0,"texture":"#2","tintindex":0},"north":{"uv":[1.90625,11.625,2.0,12.21875],"rotation":0,"texture":"#2","tintindex":0},"west":{"uv":[4.25,12.96875,4.46875,13.5625],"rotation":0,"texture":"#2","tintindex":0},"up":{"uv":[0.1875,13.6875,0.09375,13.46875],"rotation":0,"texture":"#2","tintindex":0},"down":{"uv":[13.5625,1.28125,13.46875,1.5],"rotation":0,"texture":"#2","tintindex":0}}},{"from":[-1.4884415,-16.0,16.57143],"to":[2.5115576,-1.1428585,18.285715],"rotation":{"angle":0.0,"axis":"y","origin":[10.285714,33.715427,-1.1428576]},"faces":{"east":{"uv":[10.71875,13.15625,10.8125,13.96875],"rotation":0,"texture":"#2","tintindex":0},"south":{"uv":[7.65625,12.6875,7.875,13.5],"rotation":0,"texture":"#2","tintindex":0},"north":{"uv":[7.9375,8.875,8.15625,9.6875],"rotation":0,"texture":"#2","tintindex":0},"west":{"uv":[10.8125,13.15625,10.90625,13.96875],"rotation":0,"texture":"#2","tintindex":0},"up":{"uv":[6.15625,5.21875,5.9375,5.125],"rotation":0,"texture":"#2","tintindex":0},"down":{"uv":[6.4375,10.28125,6.21875,10.375],"rotation":0,"texture":"#2","tintindex":0}}},{"from":[9.94013,-16.0,16.57143],"to":[12.797273,-4.0,18.285715],"rotation":{"angle":0.0,"axis":"y","origin":[10.285714,33.715427,-1.1428576]},"faces":{"east":{"uv":[2.09375,13.1875,2.1875,13.84375],"rotation":0,"texture":"#2","tintindex":0},"south":{"uv":[0.96875,13.09375,1.125,13.75],"rotation":0,"texture":"#2","tintindex":0},"north":{"uv":[11.15625,13.0625,11.3125,13.71875],"rotation":0,"texture":"#2","tintindex":0},"west":{"uv":[2.65625,13.1875,2.75,13.84375],"rotation":0,"texture":"#2","tintindex":0},"up":{"uv":[9.59375,12.78125,9.4375,12.6875],"rotation":0,"texture":"#2","tintindex":0},"down":{"uv":[13.25,4.28125,13.09375,4.375],"rotation":0,"texture":"#2","tintindex":0}}},{"from":[15.654415,-13.714287,9.142858],"to":[17.368702,-4.0,13.714286],"rotation":{"angle":0.0,"axis":"y","origin":[10.285714,33.715427,-1.1428576]},"faces":{"east":{"uv":[5.9375,4.59375,6.1875,5.125],"rotation":0,"texture":"#2","tintindex":0},"south":{"uv":[0.875,13.25,0.96875,13.78125],"rotation":0,"texture":"#2","tintindex":0},