{"textures":{"2":"modelengine:entity/colossus"},"elements":[{"from":[-0.34558487,-13.714287,2.8571424],"to":[15.654415,16.571428,19.428572],"rotation":{"angle":0.0,"axis":"y","origin":[10.285714,17.715425,8.0]},"faces":{"east":{"uv":[4.96875,3.4375,4.0625,5.09375],"rotation":0,"texture":"#2","tintindex":0},"south":{"uv":[1.78125,4.90625,0.90625,6.5625],"rotation":0,"texture":"#2","tintindex":0},"north":{"uv":[5.84375,2.09375,4.96875,3.75],"rotation":0,"texture":"#2","tintindex":0},"west":{"uv":[0.90625,4.90625,0.0,6.5625],"rotation":0,"texture":"#2","tintindex":0},"up":{"uv":[6.34375,7.90625,5.46875,8.8125],"rotation":0,"texture":"#2","tintindex":0},"down":{"uv":[7.21875,8.8125,6.34375,7.90625],"rotation":0,"texture":"#2","tintindex":0}}},{"from":[-3.2027273,-3.4285717,1.1428566],"to":[16.225845,9.142857,4.0],"rotation":{"angle":-22.5,"axis":"x","origin":[10.285714,-1.1417179,3.4285712]},"faces":{"east":{"uv":[4.6875,7.875,4.53125,8.5625],"rotation":0,"texture":"#2","tintindex":0},"south":{"uv":[9.65625,2.3125,8.59375,3.0],"rotation":0,"texture":"#2","tintindex":0},"north":{"uv":[9.875,6.75,8.8125,7.4375],"rotation":0,"texture":"#2","tintindex":0},"west":{"uv":[12.4375,13.03125,12.28125,13.71875],"rotation":0,"texture":"#2","tintindex":0},"up":{"uv":[13.71875,11.3125,12.65625,11.46875],"rotation":0,"texture":"#2","tintindex":0},"down":{"uv":[13.75,2.71875,12.6875,2.5625],"rotation":0,"texture":"#2","tintindex":0}}},{"from":[0.7972717,2.2857132,4.0],"to":[12.225844,13.142857,6.857143],"rotation":{"angle":-22.5,"axis":"x","origin":[10.285714,-1.1417179,3.4285712]},"faces":{"east":{"uv":[1.59375,13.09375,1.4375,13.6875],"rotation":0,"texture":"#2","tintindex":0},"south":{"uv":[2.65625,10.96875,2.03125,11.5625],"rotation":0,"texture":"#2","tintindex":0},"north":{"uv":[3.28125,10.96875,2.65625,11.5625],"rotation":0,"texture":"#2","tintindex":0},"west":{"uv":[3.28125,13.09375,3.125,13.6875],"rotation":0,"texture":"#2","tintindex":0},"up":{"uv":[6.46875,10.125,5.84375,10.28125],"rotation":0,"texture":"#2","tintindex":0},"down":{"uv":[11.5,3.34375,10.875,3.1875],"rotation":0,"texture":"#2","tintindex":0}}},{"from":[-1.4884415,6.285714,6.857143],"to":[14.511559,18.857143,9.714286],"rotation":{"angle":-22.5,"axis":"x","origin":[10.285714,-1.1417179,3.4285712]},"faces":{"east":{"uv":[12.59375,13.03125,12.4375,13.71875],"rotation":0,"texture":"#2","tintindex":0},"south":{"uv":[10.03125,7.96875,9.15625,8.65625],"rotation":0,"texture":"#2","tintindex":0},"north":{"uv":[10.125,0.0,9.25,0.6875],"rotation":0,"texture":"#2","tintindex":0},"west":{"uv":[2.96875,13.0625,2.8125,13.75],"rotation":0,"texture":"#2","tintindex":0},"up":{"uv":[13.625,4.0,12.75,4.15625],"rotation":0,"texture":"#2","tintindex":0},"down":{"uv":[13.78125,3.21875,12.90625,3.0625],"rotation":0,"texture":"#2","tintindex":0}}},{"from":[2.5115576,10.8571415,2.2857141],"to":[12.797273,31.428572,9.142858],"rotation":{"angle":-22.5,"axis":"x","origin":[10.285714,19.42971,10.857143]},"faces":{"east":{"uv":[9.375,10.5,9.0,11.625],"rotation":0,"texture":"#2","tintindex":0},"south":{"uv":[4.40625,9.03125,3.84375,10.15625],"rotation":0,"texture":"#2","tintindex":0},"north":{"uv":[1.25,9.09375,0.6875,10.21875],"rotation":0,"texture":"#2","tintindex":0},"west":{"uv":[8.3125,10.53125,7.9375,11.65625],"rotation":0,"texture":"#2","tintindex":0},"up":{"uv":[6.03125,7.53125,5.46875,7.90625],"rotation":0,"texture":"#2","tintindex":0},"down":{"uv":[12.9375,6.8125,12.375,6.4375],"rotation":0,"texture":"#2","tintindex":0}}},{"from":[-2.0598707,-16.0,0.5714283],"to":[12.797273,5.714285,16.57143],"rotation":{"angle":0.0,"axis":"y","origin":[10.285714,33.715427,18.285715]},"faces":{"east":{"uv":[3.8125,6.625,2.9375,7.8125],"rotation":0,"texture":"#2","tintindex":0},"south":{"uv":[7.8125,1.09375,7.0,2.28125],"rotation":0,"texture":"#2","tintindex":0},"north":{"uv":[7.8125,2.28125,7.0,3.46875],"rotation":0,"texture":"#2","tintindex":0},"west":{"uv":[4.6875,6.6875,3.8125,7.875],"rotation":0,"texture":"#2","tintindex":0},"up":{"uv":[5.375,0.0,4.5625,0.875],"rotation":0,"texture":"#2","tintindex":0},"down":{"uv":[8.96875,9.6875,8.15625,8.8125],"rotation":0,"texture":"#2","tintindex":0}}},{"from":[-3.7741566,-16.0,11.428572],"to":[-2.0598707,-2.8571434,16.57143],"rotation":{"angle":0.0,"axis":"y","origin":[10.285714,33.715427,18.285715]},"faces":{"east":{"uv":[6.625,12.53125,6.34375,13.25],"rotation":0,"texture":"#2","tintindex":0},"south":{"uv":[11.0,13.15625,10.90625,13.875],"rotation":0,"texture":"#2","tintindex":0},"north":{"uv":[0.34375,13.1875,0.25,13.90625],"rotation":0,"texture":"#2","tintindex":0},"west":{"uv":[0.6875,12.5625,0.40625,13.28125],"rotation":0,"texture":"#2","tintindex":0},"up":{"uv":[9.65625,2.0,9.5625,2.28125],"rotation":0,"texture":"#2","tintindex":0},"down":{"uv":[12.03125,0.65625,11.9375,0.375],"rotation":0,"texture":"#2","tintindex":0}}},{"from":[-3.7741566,-16.0,7.428571],"to":[-2.0598707,-12.000002,10.285714],"rotation":{"angle":0.0,"axis":"y","origin":[10.285714,33.715427,18.285715]},"faces":{"east":{"uv":[11.65625,3.84375,11.5,4.0625],"rotation":0,"texture":"#2","tintindex":0},"south":{"uv":[5.9375,3.53125,5.84375,3.75],"rotation":0,"texture":"#2","tintindex":0},"north":{"uv":[0.09375,13.46875,0.0,13.6875],"rotation":0,"texture":"#2","tintindex":0},"west":{"uv":[13.59375,0.0,13.4375,0.21875],"rotation":0,"texture":"#2","tintindex":0},"up":{"uv":[13.625,3.5625,13.53125,3.71875],"rotation":0,"texture":"#2","tintindex":0},"down":{"uv":[13.625,4.96875,13.53125,4.8125],"rotation":0,"texture":"#2","tintindex":0}}},{"from":[-3.7741566,-16.0,1.7142854],"to":[-2.0598707,-5.1428585,5.714286],"rotation":{"angle":0.0,"axis":"y","origin":[10.285714,33.715427,18.285715]},"faces":{"east":{"uv":[10.375,1.34375,10.15625,1.9375],"rotation":0,"texture":"#2","tintindex":0},"south":{"uv":[2.0,11.625,1.90625,12.21875],"rotation":0,"texture":"#2","tintindex":0},"north":{"uv":[9.375,11.625,9.28125,12.21875],"rotation":0,"texture":"#2","tintindex":0},"west":{"uv":[4.46875,12.96875,4.25,13.5625],"rotation":0,"texture":"#2","tintindex":0},"up":{"uv":[0.1875,13.46875,0.09375,13.6875],"rotation":0,"texture":"#2","tintindex":0},"down":{"uv":[13.5625,1.5,13.46875,1.28125],"rotation":0,"texture":"#2","tintindex":0}}},{"from":[-1.4884415,-16.0,-1.1428576],"to":[2.5115576,-1.1428585,0.5714283],"rotation":{"angle":0.0,"axis":"y","origin":[10.285714,33.715427,18.285715]},"faces":{"east":{"uv":[10.8125,13.15625,10.71875,13.96875],"rotation":0,"texture":"#2","tintindex":0},"south":{"uv":[8.15625,8.875,7.9375,9.6875],"rotation":0,"texture":"#2","tintindex":0},"north":{"uv":[7.875,12.6875,7.65625,13.5],"rotation":0,"texture":"#2","tintindex":0},"west":{"uv":[10.90625,13.15625,10.8125,13.96875],"rotation":0,"texture":"#2","tintindex":0},"up":{"uv":[6.15625,5.125,5.9375,5.21875],"rotation":0,"texture":"#2","tintindex":0},"down":{"uv":[6.4375,10.375,6.21875,10.28125],"rotation":0,"texture":"#2","tintindex":0}}},{"from":[9.94013,-16.0,-1.1428576],"to":[12.797273,-4.0,0.5714283],"rotation":{"angle":0.0,"axis":"y","origin":[10.285714,33.715427,18.285715]},"faces":{"east":{"uv":[2.1875,13.1875,2.09375,13.84375],"rotation":0,"texture":"#2","tintindex":0},"south":{"uv":[11.3125,13.0625,11.15625,13.71875],"rotation":0,"texture":"#2","tintindex":0},"north":{"uv":[1.125,13.09375,0.96875,13.75],"rotation":0,"texture":"#2","tintindex":0},"west":{"uv":[2.75,13.1875,2.65625,13.84375],"rotation":0,"texture":"#2","tintindex":0},"up":{"uv":[9.59375,12.6875,9.4375,12.78125],"rotation":0,"texture":"#2","tintindex":0},"down":{"uv":[13.25,4.375,13.09375,4.28125],"rotation":0,"texture":"#2","tintindex":0}}},{"from":[15.654415,-13.714287,3.4285712],"to":[17.368702,-4.0,8.0],"rotation":{"angle":0.0,"axis":"y","origin":[10.285714,33.715427,18.285715]},"faces":{"east":{"uv":[6.1875,4.59375,5.9375,5.125],"rotation":0,"texture":"#2","tintindex":0},"south":{"uv":[8.3125,11.65625,8.21875,12.1875],"rotation":0,"texture":"#2","tintindex":0},