{"textures":{"2":"modelengine:entity/colossus"},"elements":[{"from":[5.142857,-12.0,1.1428566],"to":[15.428572,12.000001,14.857143],"rotation":{"angle":0.0,"axis":"y","origin":[10.285714,-13.714285,5.714286]},"faces":{"east":{"uv":[1.71875,6.5625,0.96875,7.875],"rotation":0,"texture":"#2","tintindex":0},"south":{"uv":[4.96875,2.09375,4.40625,3.40625],"rotation":0,"texture":"#2","tintindex":0},"north":{"uv":[6.46875,8.8125,5.90625,10.125],"rotation":0,"texture":"#2","tintindex":0},"west":{"uv":[2.46875,6.75,1.71875,8.0625],"rotation":0,"texture":"#2","tintindex":0},"up":{"uv":[9.9375,10.625,9.375,11.375],"rotation":0,"texture":"#2","tintindex":0},"down":{"uv":[10.5,11.40625,9.9375,10.65625],"rotation":0,"texture":"#2","tintindex":0}}},{"from":[6.857143,-10.285713,-0.57142925],"to":[13.714286,-0.5714283,1.1428566],"rotation":{"angle":0.0,"axis":"y","origin":[10.285714,-13.714285,5.714286]},"faces":{"east":{"uv":[9.78125,13.25,9.6875,13.78125],"rotation":0,"texture":"#2","tintindex":0},"south":{"uv":[13.0,12.34375,12.625,12.875],"rotation":0,"texture":"#2","tintindex":0},"north":{"uv":[2.21875,12.65625,1.84375,13.1875],"rotation":0,"texture":"#2","tintindex":0},"west":{"uv":[11.53125,13.3125,11.4375,13.84375],"rotation":0,"texture":"#2","tintindex":0},"up":{"uv":[6.21875,10.28125,5.84375,10.375],"rotation":0,"texture":"#2","tintindex":0},"down":{"uv":[13.40625,0.8125,13.03125,0.71875],"rotation":0,"texture":"#2","tintindex":0}}},{"from":[6.857143,0.57142925,-0.57142925],"to":[13.714286,10.285715,1.1428566],"rotation":{"angle":0.0,"axis":"y","origin":[10.285714,-13.714285,5.714286]},"faces":{"east":{"uv":[9.78125,13.25,9.6875,13.78125],"rotation":0,"texture":"#2","tintindex":0},"south":{"uv":[13.0,12.34375,12.625,12.875],"rotation":0,"texture":"#2","tintindex":0},"north":{"uv":[2.21875,12.65625,1.84375,13.1875],"rotation":0,"texture":"#2","tintindex":0},"west":{"uv":[11.53125,13.3125,11.4375,13.84375],"rotation":0,"texture":"#2","tintindex":0},"up":{"uv":[6.21875,10.28125,5.84375,10.375],"rotation":0,"texture":"#2","tintindex":0},"down":{"uv":[13.40625,0.8125,13.03125,0.71875],"rotation":0,"texture":"#2","tintindex":0}}},{"from":[8.571428,-8.571428,-1.1428576],"to":[12.0,8.571429,1.7142854],"rotation":{"angle":0.0,"axis":"y","origin":[10.285714,-13.714285,5.714286]},"faces":{"east":{"uv":[9.9375,12.78125,9.78125,13.75],"rotation":0,"texture":"#2","tintindex":0},"south":{"uv":[8.59375,0.0,8.40625,0.96875],"rotation":0,"texture":"#2","tintindex":0},"north":{"uv":[2.40625,12.65625,2.21875,13.625],"rotation":0,"texture":"#2","tintindex":0},"west":{"uv":[10.09375,12.78125,9.9375,13.75],"rotation":0,"texture":"#2","tintindex":0},"up":{"uv":[13.625,6.34375,13.4375,6.5],"rotation":0,"texture":"#2","tintindex":0},"down":{"uv":[13.625,6.65625,13.4375,6.5],"rotation":0,"texture":"#2","tintindex":0}}},{"from":[9.142858,1.1428576,4.5714283],"to":[16.0,9.714287,12.571428],"rotation":{"angle":-22.5,"axis":"z","origin":[12.0,2.8571434,5.714286]},"faces":{"east":{"uv":[12.9375,5.09375,12.5,5.5625],"rotation":0,"texture":"#2","tintindex":0},"south":{"uv":[13.0625,4.375,12.6875,4.84375],"rotation":0,"texture":"#2","tintindex":0},"north":{"uv":[13.0625,6.96875,12.6875,7.4375],"rotation":0,"texture":"#2","tintindex":0},"west":{"uv":[12.9375,5.5625,12.5,6.03125],"rotation":0,"texture":"#2","tintindex":0},"up":{"uv":[13.15625,7.78125,12.78125,8.21875],"rotation":0,"texture":"#2","tintindex":0},"down":{"uv":[13.15625,8.65625,12.78125,8.21875],"rotation":0,"texture":"#2","tintindex":0}}},{"from":[4.0,-16.0,2.8571424],"to":[9.714286,-0.5714283,13.142858],"rotation":{"angle":-22.5,"axis":"z","origin":[11.428572,-2.2857141,6.857143]},"faces":{"east":{"uv":[3.1875,10.125,2.625,10.96875],"rotation":0,"texture":"#2","tintindex":0},"south":{"uv":[1.90625,11.625,1.59375,12.46875],"rotation":0,"texture":"#2","tintindex":0},"north":{"uv":[11.0,11.8125,10.6875,12.65625],"rotation":0,"texture":"#2","tintindex":0},"west":{"uv":[3.75,10.125,3.1875,10.96875],"rotation":0,"texture":"#2","tintindex":0},"up":{"uv":[9.4375,12.6875,9.125,13.25],"rotation":0,"texture":"#2","tintindex":0},"down":{"uv":[13.03125,0.8125,12.71875,0.25],"rotation":0,"texture":"#2","tintindex":0}}},{"from":[5.142857,-12.0,2.8571424],"to":[15.428572,-4.5714283,13.142858],"rotation":{"angle":22.5,"axis":"z","origin":[11.428572,-2.2857141,6.857143]},"faces":{"east":{"uv":[12.75,1.5,12.1875,1.90625],"rotation":0,"texture":"#2","tintindex":0},"south":{"uv":[0.96875,12.15625,0.40625,12.5625],"rotation":0,"texture":"#2","tintindex":0},"north":{"uv":[12.75,1.90625,12.1875,2.3125],"rotation":0,"texture":"#2","tintindex":0},"west":{"uv":[12.75,3.75,12.1875,4.15625],"rotation":0,"texture":"#2","tintindex":0},"up":{"uv":[11.59375,11.40625,11.03125,11.96875],"rotation":0,"texture":"#2","tintindex":0},"down":{"uv":[1.59375,12.0,1.03125,11.4375],"rotation":0,"texture":"#2","tintindex":0}}},{"from":[4.0,-4.0,3.4285712],"to":[8.0,9.714287,13.714286],"rotation":{"angle":0.0,"axis":"y","origin":[11.428572,-2.2857141,6.857143]},"faces":{"east":{"uv":[11.0625,10.65625,10.5,11.40625],"rotation":0,"texture":"#2","tintindex":0},"south":{"uv":[0.625,11.40625,0.40625,12.15625],"rotation":0,"texture":"#2","tintindex":0},"north":{"uv":[8.09375,12.6875,7.875,13.4375],"rotation":0,"texture":"#2","tintindex":0},"west":{"uv":[1.59375,10.6875,1.03125,11.4375],"rotation":0,"texture":"#2","tintindex":0},"up":{"uv":[5.4375,12.96875,5.21875,13.53125],"rotation":0,"texture":"#2","tintindex":0},"down":{"uv":[10.3125,13.5625,10.09375,13.0],"rotation":0,"texture":"#2","tintindex":0}}},{"from":[2.2857141,-6.8571434,4.5714283],"to":[5.142857,5.714287,12.571428],"rotation":{"angle":0.0,"axis":"y","origin":[11.428572,-2.2857141,6.857143]},"faces":{"east":{"uv":[12.0,4.53125,11.5625,5.21875],"rotation":0,"texture":"#2","tintindex":0},"south":{"uv":[3.125,13.0625,2.96875,13.75],"rotation":0,"texture":"#2","tintindex":0},"north":{"uv":[11.15625,13.0625,11.0,13.75],"rotation":0,"texture":"#2","tintindex":0},"west":{"uv":[8.75,11.5625,8.3125,12.25],"rotation":0,"texture":"#2","tintindex":0},"up":{"uv":[10.21875,9.28125,10.0625,9.71875],"rotation":0,"texture":"#2","tintindex":0},"down":{"uv":[11.875,13.59375,11.71875,13.15625],"rotation":0,"texture":"#2","tintindex":0}}}],"display":{"head":{"translation":[0.0,-13.257147,0.0],"scale":[4.0,4.0,4.0]}}}