{"textures":{"2":"modelengine:entity/colossus"},"elements":[{"from":[2.169541,5.6923723,-1.7142859],"to":[5.5981126,11.978087,18.285715],"rotation":{"angle":0.0,"axis":"y","origin":[4.0,13.714286,8.0]},"faces":{"east":{"uv":[2.46875,2.09375,3.5625,2.4375],"rotation":0,"texture":"#2","tintindex":0},"south":{"uv":[11.46875,1.75,11.65625,2.09375],"rotation":0,"texture":"#2","tintindex":0},"north":{"uv":[11.40625,11.0625,11.59375,11.40625],"rotation":0,"texture":"#2","tintindex":0},"west":{"uv":[10.90625,0.0,12.0,0.34375],"rotation":0,"texture":"#2","tintindex":0},"up":{"uv":[5.75,13.375,5.5625,12.28125],"rotation":0,"texture":"#2","tintindex":0},"down":{"uv":[10.625,12.375,10.4375,13.46875],"rotation":0,"texture":"#2","tintindex":0}}},{"from":[-5.2590303,5.6923723,-4.000001],"to":[5.5981126,11.978087,-1.7142859],"rotation":{"angle":0.0,"axis":"y","origin":[4.0,13.714286,8.0]},"faces":{"east":{"uv":[1.28125,13.40625,1.40625,13.75],"rotation":0,"texture":"#2","tintindex":0},"south":{"uv":[12.4375,10.71875,13.03125,11.0625],"rotation":0,"texture":"#2","tintindex":0},"north":{"uv":[12.21875,7.4375,12.8125,7.78125],"rotation":0,"texture":"#2","tintindex":0},"west":{"uv":[13.40625,1.5625,13.53125,1.90625],"rotation":0,"texture":"#2","tintindex":0},"up":{"uv":[5.15625,1.0,4.5625,0.875],"rotation":0,"texture":"#2","tintindex":0},"down":{"uv":[11.46875,3.34375,10.875,3.46875],"rotation":0,"texture":"#2","tintindex":0}}},{"from":[-5.2590303,5.6923723,18.285715],"to":[5.5981126,11.978087,20.57143],"rotation":{"angle":0.0,"axis":"y","origin":[4.0,13.714286,8.0]},"faces":{"east":{"uv":[13.40625,3.40625,13.53125,3.75],"rotation":0,"texture":"#2","tintindex":0},"south":{"uv":[12.53125,6.03125,13.125,6.375],"rotation":0,"texture":"#2","tintindex":0},"north":{"uv":[5.75,12.53125,6.34375,12.875],"rotation":0,"texture":"#2","tintindex":0},"west":{"uv":[6.0625,13.40625,6.1875,13.75],"rotation":0,"texture":"#2","tintindex":0},"up":{"uv":[13.625,0.71875,13.03125,0.59375],"rotation":0,"texture":"#2","tintindex":0},"down":{"uv":[13.65625,4.6875,13.0625,4.8125],"rotation":0,"texture":"#2","tintindex":0}}},{"from":[-10.40189,3.4066582,-2.285715],"to":[5.026684,6.263801,18.857143],"rotation":{"angle":0.0,"axis":"y","origin":[4.5714283,5.714286,8.0]},"faces":{"east":{"uv":[12.375,6.8125,13.53125,6.96875],"rotation":0,"texture":"#2","tintindex":0},"south":{"uv":[12.9375,12.0625,13.78125,12.21875],"rotation":0,"texture":"#2","tintindex":0},"north":{"uv":[12.9375,11.90625,13.78125,12.0625],"rotation":0,"texture":"#2","tintindex":0},"west":{"uv":[12.46875,3.25,13.625,3.40625],"rotation":0,"texture":"#2","tintindex":0},"up":{"uv":[6.875,7.90625,6.03125,6.75],"rotation":0,"texture":"#2","tintindex":0},"down":{"uv":[7.71875,6.75,6.875,7.90625],"rotation":0,"texture":"#2","tintindex":0}}},{"from":[-8.687603,7.978087,-2.8571434],"to":[-5.8304596,13.120944,2.2857141],"rotation":{"angle":-22.5,"axis":"x","origin":[1.7142854,5.714286,8.0]},"faces":{"east":{"uv":[7.1875,6.46875,7.46875,6.75],"rotation":0,"texture":"#2","tintindex":0},"south":{"uv":[6.75,11.96875,6.90625,12.25],"rotation":0,"texture":"#2","tintindex":0},"north":{"uv":[6.03125,6.4375,6.1875,6.71875],"rotation":0,"texture":"#2","tintindex":0},"west":{"uv":[7.8125,3.1875,8.09375,3.46875],"rotation":0,"texture":"#2","tintindex":0},"up":{"uv":[13.53125,7.25,13.375,6.96875],"rotation":0,"texture":"#2","tintindex":0},"down":{"uv":[13.53125,11.03125,13.375,11.3125],"rotation":0,"texture":"#2","tintindex":0}}},{"from":[-9.83046,6.83523,4.0],"to":[-6.973316,11.978087,8.571428],"rotation":{"angle":-45.0,"axis":"x","origin":[1.7142854,5.714286,8.0]},"faces":{"east":{"uv":[7.46875,6.46875,7.71875,6.75],"rotation":0,"texture":"#2","tintindex":0},"south":{"uv":[12.6875,13.375,12.84375,13.65625],"rotation":0,"texture":"#2","tintindex":0},"north":{"uv":[13.375,12.21875,13.53125,12.5],"rotation":0,"texture":"#2","tintindex":0},"west":{"uv":[13.15625,8.34375,13.40625,8.625],"rotation":0,"texture":"#2","tintindex":0},"up":{"uv":[13.5625,2.5,13.40625,2.25],"rotation":0,"texture":"#2","tintindex":0},"down":{"uv":[6.34375,13.40625,6.1875,13.65625],"rotation":0,"texture":"#2","tintindex":0}}},{"from":[-9.83046,-0.021913528,10.285714],"to":[-6.973316,5.120944,14.857143],"rotation":{"angle":-45.0,"axis":"x","origin":[1.7142854,5.714286,8.0]},"faces":{"east":{"uv":[0.0,13.1875,0.25,13.46875],"rotation":0,"texture":"#2","tintindex":0},"south":{"uv":[1.125,13.40625,1.28125,13.6875],"rotation":0,"texture":"#2","tintindex":0},"north":{"uv":[13.40625,0.25,13.5625,0.53125],"rotation":0,"texture":"#2","tintindex":0},"west":{"uv":[1.84375,13.1875,2.09375,13.46875],"rotation":0,"texture":"#2","tintindex":0},"up":{"uv":[8.25,13.65625,8.09375,13.40625],"rotation":0,"texture":"#2","tintindex":0},"down":{"uv":[8.40625,13.40625,8.25,13.65625],"rotation":0,"texture":"#2","tintindex":0}}},{"from":[-8.687603,1.6923723,16.0],"to":[-5.8304596,6.263801,20.0],"rotation":{"angle":-22.5,"axis":"x","origin":[1.7142854,5.714286,8.0]},"faces":{"east":{"uv":[13.3125,7.9375,13.53125,8.1875],"rotation":0,"texture":"#2","tintindex":0},"south":{"uv":[8.40625,13.40625,8.5625,13.65625],"rotation":0,"texture":"#2","tintindex":0},"north":{"uv":[13.40625,8.3125,13.5625,8.5625],"rotation":0,"texture":"#2","tintindex":0},"west":{"uv":[12.90625,13.3125,13.125,13.5625],"rotation":0,"texture":"#2","tintindex":0},"up":{"uv":[0.9375,7.875,0.78125,7.65625],"rotation":0,"texture":"#2","tintindex":0},"down":{"uv":[10.15625,2.78125,10.0,3.0],"rotation":0,"texture":"#2","tintindex":0}}}],"display":{"head":{"translation":[0.0,-6.4,0.0],"scale":[4.0,4.0,4.0]}}}