{"textures":{"2":"modelengine:entity/colossus"},"elements":[{"from":[-0.5393648,-9.652552,-7.6000004],"to":[14.260635,5.9474487,23.6],"rotation":{"angle":22.5,"axis":"z","origin":[7.2,-9.4657,8.0]},"faces":{"east":{"uv":[0.0,0.0,2.46875,1.21875],"rotation":0,"texture":"#2","tintindex":0},"south":{"uv":[5.84375,1.21875,7.0,2.4375],"rotation":0,"texture":"#2","tintindex":0},"north":{"uv":[1.78125,5.53125,2.9375,6.75],"rotation":0,"texture":"#2","tintindex":0},"west":{"uv":[0.0,1.21875,2.46875,2.4375],"rotation":0,"texture":"#2","tintindex":0},"up":{"uv":[1.15625,4.90625,0.0,2.4375],"rotation":0,"texture":"#2","tintindex":0},"down":{"uv":[2.3125,2.4375,1.15625,4.90625],"rotation":0,"texture":"#2","tintindex":0}}},{"from":[1.0606351,-15.652552,16.0],"to":[7.460635,-8.452551,22.8],"rotation":{"angle":22.5,"axis":"z","origin":[7.2,-9.4657,8.0]},"faces":{"east":{"uv":[11.59375,11.625,12.125,12.1875],"rotation":0,"texture":"#2","tintindex":0},"south":{"uv":[4.8125,11.71875,5.3125,12.28125],"rotation":0,"texture":"#2","tintindex":0},"north":{"uv":[11.71875,2.3125,12.21875,2.875],"rotation":0,"texture":"#2","tintindex":0},"west":{"uv":[11.65625,1.75,12.1875,2.3125],"rotation":0,"texture":"#2","tintindex":0},"up":{"uv":[12.375,6.96875,11.875,6.4375],"rotation":0,"texture":"#2","tintindex":0},"down":{"uv":[3.90625,11.90625,3.40625,12.4375],"rotation":0,"texture":"#2","tintindex":0}}},{"from":[1.0606351,-15.652552,-6.8],"to":[7.460635,-8.452551,0.0],"rotation":{"angle":22.5,"axis":"z","origin":[7.2,-9.4657,8.0]},"faces":{"east":{"uv":[12.125,11.625,11.59375,12.1875],"rotation":0,"texture":"#2","tintindex":0},"south":{"uv":[12.21875,2.3125,11.71875,2.875],"rotation":0,"texture":"#2","tintindex":0},"north":{"uv":[5.3125,11.71875,4.8125,12.28125],"rotation":0,"texture":"#2","tintindex":0},"west":{"uv":[12.1875,1.75,11.65625,2.3125],"rotation":0,"texture":"#2","tintindex":0},"up":{"uv":[12.375,6.4375,11.875,6.96875],"rotation":0,"texture":"#2","tintindex":0},"down":{"uv":[3.90625,12.4375,3.40625,11.90625],"rotation":0,"texture":"#2","tintindex":0}}},{"from":[0.6606355,3.9474487,-1.1999998],"to":[13.060635,17.94745,17.2],"rotation":{"angle":22.5,"axis":"z","origin":[7.2,-9.4657,8.0]},"faces":{"east":{"uv":[2.46875,1.0,3.9375,2.09375],"rotation":0,"texture":"#2","tintindex":0},"south":{"uv":[6.5625,0.0,7.53125,1.09375],"rotation":0,"texture":"#2","tintindex":0},"north":{"uv":[0.0,6.5625,0.96875,7.65625],"rotation":0,"texture":"#2","tintindex":0},"west":{"uv":[3.9375,1.0,5.40625,2.09375],"rotation":0,"texture":"#2","tintindex":0},"up":{"uv":[5.9375,5.21875,4.96875,3.75],"rotation":0,"texture":"#2","tintindex":0},"down":{"uv":[5.03125,5.21875,4.0625,6.6875],"rotation":0,"texture":"#2","tintindex":0}}},{"from":[3.060635,17.94745,1.5999999],"to":[10.660635,19.547451,14.4],"rotation":{"angle":22.5,"axis":"z","origin":[7.2,-9.4657,8.0]},"faces":{"east":{"uv":[12.78125,9.125,13.8125,9.25],"rotation":0,"texture":"#2","tintindex":0},"south":{"uv":[13.09375,4.15625,13.6875,4.28125],"rotation":0,"texture":"#2","tintindex":0},"north":{"uv":[13.0625,7.28125,13.65625,7.40625],"rotation":0,"texture":"#2","tintindex":0},"west":{"uv":[12.9375,5.90625,13.96875,6.03125],"rotation":0,"texture":"#2","tintindex":0},"up":{"uv":[9.6875,4.5625,9.09375,3.53125],"rotation":0,"texture":"#2","tintindex":0},"down":{"uv":[9.75,4.5625,9.15625,5.59375],"rotation":0,"texture":"#2","tintindex":0}}},{"from":[2.260635,17.94745,6.4],"to":[11.460635,20.74745,10.0],"rotation":{"angle":22.5,"axis":"z","origin":[7.2,-9.4657,8.0]},"faces":{"east":{"uv":[9.65625,2.78125,10.0,3.0],"rotation":0,"texture":"#2","tintindex":0},"south":{"uv":[12.78125,10.28125,13.5,10.5],"rotation":0,"texture":"#2","tintindex":0},"north":{"uv":[12.78125,9.5,13.5,9.71875],"rotation":0,"texture":"#2","tintindex":0},"west":{"uv":[8.59375,9.6875,8.875,9.90625],"rotation":0,"texture":"#2","tintindex":0},"up":{"uv":[12.6875,3.6875,11.96875,3.40625],"rotation":0,"texture":"#2","tintindex":0},"down":{"uv":[12.6875,7.78125,11.96875,8.125],"rotation":0,"texture":"#2","tintindex":0}}},{"from":[1.0606351,17.94745,6.96],"to":[12.660635,19.547451,9.36],"rotation":{"angle":22.5,"axis":"z","origin":[7.2,-9.4657,8.0]},"faces":{"east":{"uv":[5.15625,0.875,5.375,1.0],"rotation":0,"texture":"#2","tintindex":0},"south":{"uv":[13.0,12.75,13.90625,12.875],"rotation":0,"texture":"#2","tintindex":0},"north":{"uv":[4.0625,5.09375,4.96875,5.21875],"rotation":0,"texture":"#2","tintindex":0},"west":{"uv":[9.75,5.46875,9.9375,5.59375],"rotation":0,"texture":"#2","tintindex":0},"up":{"uv":[13.09375,4.375,12.1875,4.15625],"rotation":0,"texture":"#2","tintindex":0},"down":{"uv":[13.53125,1.0625,12.625,1.28125],"rotation":0,"texture":"#2","tintindex":0}}},{"from":[2.660635,5.547449,-6.4000006],"to":[11.060635,16.347448,-1.1999998],"rotation":{"angle":22.5,"axis":"z","origin":[7.2,-9.4657,8.0]},"faces":{"east":{"uv":[0.625,11.3125,1.03125,12.15625],"rotation":0,"texture":"#2","tintindex":0},"south":{"uv":[4.40625,9.71875,5.0625,10.5625],"rotation":0,"texture":"#2","tintindex":0},"north":{"uv":[7.9375,9.6875,8.59375,10.53125],"rotation":0,"texture":"#2","tintindex":0},"west":{"uv":[9.375,11.375,9.78125,12.21875],"rotation":0,"texture":"#2","tintindex":0},"up":{"uv":[12.1875,10.34375,11.53125,9.9375],"rotation":0,"texture":"#2","tintindex":0},"down":{"uv":[12.5,5.21875,11.84375,5.625],"rotation":0,"texture":"#2","tintindex":0}}},{"from":[2.660635,5.547449,17.2],"to":[11.060635,16.347448,22.400002],"rotation":{"angle":22.5,"axis":"z","origin":[7.2,-9.4657,8.0]},"faces":{"east":{"uv":[1.03125,11.3125,0.625,12.15625],"rotation":0,"texture":"#2","tintindex":0},"south":{"uv":[8.59375,9.6875,7.9375,10.53125],"rotation":0,"texture":"#2","tintindex":0},"north":{"uv":[5.0625,9.71875,4.40625,10.5625],"rotation":0,"texture":"#2","tintindex":0},"west":{"uv":[9.78125,11.375,9.375,12.21875],"rotation":0,"texture":"#2","tintindex":0},"up":{"uv":[12.1875,9.9375,11.53125,10.34375],"rotation":0,"texture":"#2","tintindex":0},"down":{"uv":[12.5,5.625,11.84375,5.21875],"rotation":0,"texture":"#2","tintindex":0}}},{"from":[-4.139365,5.9474487,18.0],"to":[1.0606351,11.1474495,24.800001],"rotation":{"angle":-22.5,"axis":"z","origin":[7.2,7.7343006,8.0]},"faces":{"east":{"uv":[12.1875,9.90625,12.71875,10.3125],"rotation":0,"texture":"#2","tintindex":0},"south":{"uv":[12.75,3.40625,13.15625,3.8125],"rotation":0,"texture":"#2","tintindex":0},"north":{"uv":[12.75,1.65625,13.15625,2.0625],"rotation":0,"texture":"#2","tintindex":0},"west":{"uv":[1.90625,12.25,2.4375,12.65625],"rotation":0,"texture":"#2","tintindex":0},"up":{"uv":[0.40625,12.78125,0.0,12.25],"rotation":0,"texture":"#2","tintindex":0},"down":{"uv":[2.84375,12.25,2.4375,12.78125],"rotation":0,"texture":"#2","tintindex":0}}},{"from":[-2.2533102,17.599998,15.200001],"to":[3.4466896,28.399998,27.2],"rotation":{"angle":22.5,"axis":"x","origin":[7.2,18.934301,8.0]},"faces":{"east":{"uv":[7.21875,8.03125,8.15625,8.875],"rotation":0,"texture":"#2","tintindex":0},"south":{"uv":[3.28125,10.96875,3.71875,11.8125],"rotation":0,"texture":"#2","tintindex":0},"north":{"uv":[5.40625,1.21875,5.84375,2.0625],"rotation":0,"texture":"#2","tintindex":0},"west":{"uv":[1.46875,8.0625,2.40625,8.90625],"rotation":0,"texture":"#2","tintindex":0},"up":{"uv":[2.03125,11.625,1.59375,10.6875],"rotation":0,"texture":"#2","tintindex":0},"down":{"uv":[11.21875,5.15625,10.78125,6.09375],"rotation":0,"texture":"#2","tintindex":0}}},{"from":[-1.0533104,28.399998,16.0],"to":[2.2466893,32.0,26.4],"rotation":{"angle":22.5,"axis":"x","origin":[7.2,18.934301,8.0]},"faces":{"east":{"uv":[11.96875,9.625,12.78125,9.90625],"rotation":0,"texture":"#2","tintindex":0},"south":{"uv":[13.1875,9.90625,13.4375,10.1875],"rotation":0,"texture":"#2","tintindex":0},"north":{"uv":[2.40625,13.1875,2.65625,13.46875],"rotation":0,"texture":"#2","tintindex":0},"west":{"uv":[12.125,11.5,12.9375,11.78125],"rotation":0,"texture":"#2","tintindex":0},"up":{"uv":[8.5625,11.34375,8.3125,10.53125],