{"textures":{"2":"modelengine:entity/colossus"},"elements":[{"from":[-4.770521,6.0187836,-2.285715],"to":[7.229479,15.733069,18.857143],"rotation":{"angle":0.0,"axis":"y","origin":[25.142859,-8.57143,8.0]},"faces":{"east":{"uv":[8.8125,7.4375,9.96875,7.96875],"rotation":0,"texture":"#2","tintindex":0},"south":{"uv":[11.21875,6.6875,11.875,7.21875],"rotation":0,"texture":"#2","tintindex":0},"north":{"uv":[11.21875,6.15625,11.875,6.6875],"rotation":0,"texture":"#2","tintindex":0},"west":{"uv":[9.0625,3.0,10.21875,3.53125],"rotation":0,"texture":"#2","tintindex":0},"up":{"uv":[9.25,1.15625,8.59375,0.0],"rotation":0,"texture":"#2","tintindex":0},"down":{"uv":[9.25,1.15625,8.59375,2.3125],"rotation":0,"texture":"#2","tintindex":0}}},{"from":[-7.0562363,7.161641,8.0],"to":[-4.770521,9.447355,16.0],"rotation":{"angle":-22.5,"axis":"x","origin":[-0.57142925,6.285714,14.285715]},"faces":{"east":{"uv":[6.5625,1.09375,7.0,1.21875],"rotation":0,"texture":"#2","tintindex":0},"south":{"uv":[13.5,2.84375,13.625,2.96875],"rotation":0,"texture":"#2","tintindex":0},"north":{"uv":[13.5,2.71875,13.625,2.84375],"rotation":0,"texture":"#2","tintindex":0},"west":{"uv":[7.21875,7.90625,7.65625,8.03125],"rotation":0,"texture":"#2","tintindex":0},"up":{"uv":[6.75,12.96875,6.625,12.53125],"rotation":0,"texture":"#2","tintindex":0},"down":{"uv":[0.65625,13.28125,0.53125,13.71875],"rotation":0,"texture":"#2","tintindex":0}}},{"from":[-5.3419504,8.304498,8.0],"to":[-3.0562353,10.590213,11.428572],"rotation":{"angle":-45.0,"axis":"x","origin":[-0.57142925,6.285714,14.285715]},"faces":{"east":{"uv":[9.375,10.5,9.5625,10.625],"rotation":0,"texture":"#2","tintindex":0},"south":{"uv":[4.96875,13.5,5.09375,13.625],"rotation":0,"texture":"#2","tintindex":0},"north":{"uv":[4.84375,13.5,4.96875,13.625],"rotation":0,"texture":"#2","tintindex":0},"west":{"uv":[11.71875,7.78125,11.90625,7.90625],"rotation":0,"texture":"#2","tintindex":0},"up":{"uv":[12.75,1.46875,12.625,1.28125],"rotation":0,"texture":"#2","tintindex":0},"down":{"uv":[13.5625,8.875,13.4375,9.0625],"rotation":0,"texture":"#2","tintindex":0}}},{"from":[-5.9133787,5.4473553,14.285715],"to":[-4.770521,8.304498,17.142857],"rotation":{"angle":-22.5,"axis":"x","origin":[-0.57142925,6.285714,14.285715]},"faces":{"east":{"uv":[5.0625,9.71875,5.21875,9.875],"rotation":0,"texture":"#2","tintindex":0},"south":{"uv":[6.9375,2.4375,7.0,2.59375],"rotation":0,"texture":"#2","tintindex":0},"north":{"uv":[1.71875,6.5625,1.78125,6.71875],"rotation":0,"texture":"#2","tintindex":0},"west":{"uv":[7.875,13.4375,8.03125,13.59375],"rotation":0,"texture":"#2","tintindex":0},"up":{"uv":[7.0,2.75,6.9375,2.59375],"rotation":0,"texture":"#2","tintindex":0},"down":{"uv":[7.0,2.75,6.9375,2.90625],"rotation":0,"texture":"#2","tintindex":0}}},{"from":[-7.0562363,7.161641,0.0],"to":[-4.770521,9.447355,8.0],"rotation":{"angle":22.5,"axis":"x","origin":[-0.57142925,6.285714,1.7142854]},"faces":{"east":{"uv":[8.28125,6.34375,8.71875,6.46875],"rotation":0,"texture":"#2","tintindex":0},"south":{"uv":[7.59375,13.5,7.71875,13.625],"rotation":0,"texture":"#2","tintindex":0},"north":{"uv":[7.46875,13.5,7.59375,13.625],"rotation":0,"texture":"#2","tintindex":0},"west":{"uv":[12.0,5.09375,12.4375,5.21875],"rotation":0,"texture":"#2","tintindex":0},"up":{"uv":[13.4375,9.0625,13.3125,8.625],"rotation":0,"texture":"#2","tintindex":0},"down":{"uv":[11.4375,13.3125,11.3125,13.75],"rotation":0,"texture":"#2","tintindex":0}}},{"from":[-5.3419504,8.875927,5.714286],"to":[-3.0562353,11.161641,8.571428],"rotation":{"angle":45.0,"axis":"x","origin":[-0.57142925,6.285714,1.7142854]},"faces":{"east":{"uv":[12.625,9.5,12.78125,9.625],"rotation":0,"texture":"#2","tintindex":0},"south":{"uv":[13.5,9.5,13.625,9.625],"rotation":0,"texture":"#2","tintindex":0},"north":{"uv":[7.71875,13.5,7.84375,13.625],"rotation":0,"texture":"#2","tintindex":0},"west":{"uv":[13.4375,10.15625,13.59375,10.28125],"rotation":0,"texture":"#2","tintindex":0},"up":{"uv":[12.125,12.34375,12.0,12.1875],"rotation":0,"texture":"#2","tintindex":0},"down":{"uv":[2.625,13.46875,2.5,13.625],"rotation":0,"texture":"#2","tintindex":0}}},{"from":[-6.484807,5.4473553,-1.1428576],"to":[-4.770521,8.304498,1.7142854],"rotation":{"angle":22.5,"axis":"x","origin":[-0.57142925,6.285714,1.7142854]},"faces":{"east":{"uv":[13.4375,8.5625,13.59375,8.71875],"rotation":0,"texture":"#2","tintindex":0},"south":{"uv":[10.6875,6.53125,10.78125,6.6875],"rotation":0,"texture":"#2","tintindex":0},"north":{"uv":[8.96875,3.0,9.0625,3.15625],"rotation":0,"texture":"#2","tintindex":0},"west":{"uv":[13.4375,8.71875,13.59375,8.875],"rotation":0,"texture":"#2","tintindex":0},"up":{"uv":[10.625,13.625,10.53125,13.46875],"rotation":0,"texture":"#2","tintindex":0},"down":{"uv":[6.0625,13.5,5.96875,13.65625],"rotation":0,"texture":"#2","tintindex":0}}},{"from":[-6.484807,4.8759265,2.8571424],"to":[-4.770521,6.5902123,5.714286],"rotation":{"angle":22.5,"axis":"x","origin":[-0.57142925,6.285714,1.7142854]},"faces":{"east":{"uv":[10.8125,1.25,10.96875,1.34375],"rotation":0,"texture":"#2","tintindex":0},"south":{"uv":[9.875,7.3125,9.96875,7.40625],"rotation":0,"texture":"#2","tintindex":0},"north":{"uv":[8.71875,6.34375,8.8125,6.4375],"rotation":0,"texture":"#2","tintindex":0},"west":{"uv":[11.96875,3.75,12.125,3.84375],"rotation":0,"texture":"#2","tintindex":0},"up":{"uv":[13.625,1.15625,13.53125,1.0],"rotation":0,"texture":"#2","tintindex":0},"down":{"uv":[13.625,1.5,13.53125,1.65625],"rotation":0,"texture":"#2","tintindex":0}}},{"from":[-6.484807,4.8759265,10.285714],"to":[-4.770521,6.5902123,13.142858],"rotation":{"angle":-22.5,"axis":"x","origin":[-0.57142925,6.285714,14.285715]},"faces":{"east":{"uv":[12.21875,2.78125,12.375,2.875],"rotation":0,"texture":"#2","tintindex":0},"south":{"uv":[12.375,2.78125,12.46875,2.875],"rotation":0,"texture":"#2","tintindex":0},"north":{"uv":[10.09375,12.25,10.1875,12.34375],"rotation":0,"texture":"#2","tintindex":0},"west":{"uv":[7.0625,12.3125,7.21875,12.40625],"rotation":0,"texture":"#2","tintindex":0},"up":{"uv":[13.625,1.8125,13.53125,1.65625],"rotation":0,"texture":"#2","tintindex":0},"down":{"uv":[13.625,3.40625,13.53125,3.5625],"rotation":0,"texture":"#2","tintindex":0}}}],"display":{"head":{"translation":[0.0,-6.4,0.0],"scale":[4.0,4.0,4.0]}}}