{"textures":{"0":"modelengine:entity/toro_wither"},"elements":[{"from":[11.053265,4.658665,4.2147965],"to":[12.973265,8.738666,6.1347966],"rotation":{"angle":0.0,"axis":"y","origin":[26.413265,-16.221336,9.974796]},"faces":{"east":{"uv":[7.0625,8.03125,7.15625,8.21875],"rotation":0,"texture":"#0","tintindex":0},"south":{"uv":[4.6875,8.0625,4.78125,8.25],"rotation":0,"texture":"#0","tintindex":0},"north":{"uv":[0.59375,7.40625,0.6875,7.59375],"rotation":0,"texture":"#0","tintindex":0},"west":{"uv":[3.90625,8.1875,4.0,8.375],"rotation":0,"texture":"#0","tintindex":0},"up":{"uv":[6.6875,3.0625,6.59375,2.96875],"rotation":0,"texture":"#0","tintindex":0},"down":{"uv":[2.5,6.875,2.40625,6.96875],"rotation":0,"texture":"#0","tintindex":0}}},{"from":[3.3732634,4.658665,4.2147965],"to":[5.2932634,8.738666,6.1347966],"rotation":{"angle":0.0,"axis":"y","origin":[-10.066738,-16.221336,9.974796]},"faces":{"east":{"uv":[8.09375,8.65625,8.1875,8.84375],"rotation":0,"texture":"#0","tintindex":0},"south":{"uv":[4.84375,8.6875,4.9375,8.875],"rotation":0,"texture":"#0","tintindex":0},"north":{"uv":[8.1875,5.59375,8.28125,5.78125],"rotation":0,"texture":"#0","tintindex":0},"west":{"uv":[2.03125,8.75,2.125,8.9375],"rotation":0,"texture":"#0","tintindex":0},"up":{"uv":[7.34375,4.03125,7.25,3.9375],"rotation":0,"texture":"#0","tintindex":0},"down":{"uv":[5.59375,7.25,5.5,7.34375],"rotation":0,"texture":"#0","tintindex":0}}},{"from":[6.733264,6.747587,2.8974638],"to":[9.613264,10.587587,6.737464],"rotation":{"angle":22.5,"axis":"x","origin":[8.173264,6.747587,3.8574643]},"faces":{"east":{"uv":[1.9375,8.5625,2.125,8.75],"rotation":0,"texture":"#0","tintindex":0},"south":{"uv":[8.75,1.4375,8.875,1.625],"rotation":0,"texture":"#0","tintindex":0},"north":{"uv":[0.28125,8.71875,0.40625,8.90625],"rotation":0,"texture":"#0","tintindex":0},"west":{"uv":[8.5625,2.09375,8.75,2.28125],"rotation":0,"texture":"#0","tintindex":0},"up":{"uv":[1.59375,8.9375,1.46875,8.75],"rotation":0,"texture":"#0","tintindex":0},"down":{"uv":[1.71875,8.75,1.59375,8.9375],"rotation":0,"texture":"#0","tintindex":0}}},{"from":[7.213264,3.5337386,3.362712],"to":[9.133265,7.373739,5.282712],"rotation":{"angle":0.0,"axis":"y","origin":[8.173264,4.9737387,3.1227121]},"faces":{"east":{"uv":[4.21875,8.78125,4.3125,8.96875],"rotation":0,"texture":"#0","tintindex":0},"south":{"uv":[8.78125,5.9375,8.875,6.125],"rotation":0,"texture":"#0","tintindex":0},"north":{"uv":[3.125,8.75,3.21875,8.9375],"rotation":0,"texture":"#0","tintindex":0},"west":{"uv":[8.78125,6.875,8.875,7.0625],"rotation":0,"texture":"#0","tintindex":0},"up":{"uv":[7.34375,5.625,7.25,5.53125],"rotation":0,"texture":"#0","tintindex":0},"down":{"uv":[7.375,2.5,7.28125,2.59375],"rotation":0,"texture":"#0","tintindex":0}}},{"from":[2.8932638,3.9621348,12.811525],"to":[13.453264,13.562136,18.091526],"rotation":{"angle":-45.0,"axis":"x","origin":[5.5332637,6.842135,11.611526]},"faces":{"east":{"uv":[1.75,6.59375,2.0,7.03125],"rotation":0,"texture":"#0","tintindex":0},"south":{"uv":[2.90625,5.125,3.375,5.5625],"rotation":0,"texture":"#0","tintindex":0},"north":{"uv":[2.4375,5.0625,2.90625,5.5],"rotation":0,"texture":"#0","tintindex":0},"west":{"uv":[6.59375,6.34375,6.84375,6.78125],"rotation":0,"texture":"#0","tintindex":0},"up":{"uv":[7.03125,6.34375,6.5625,6.09375],"rotation":0,"texture":"#0","tintindex":0},"down":{"uv":[7.0625,2.71875,6.59375,2.96875],"rotation":0,"texture":"#0","tintindex":0}}},{"from":[3.8532639,0.84213495,12.811525],"to":[12.493264,8.522135,18.091526],"rotation":{"angle":0.0,"axis":"y","origin":[5.5332637,6.842135,11.611526]},"faces":{"east":{"uv":[4.34375,7.375,4.59375,7.71875],"rotation":0,"texture":"#0","tintindex":0},"south":{"uv":[5.78125,5.875,6.1875,6.21875],"rotation":0,"texture":"#0","tintindex":0},"north":{"uv":[4.75,5.8125,5.15625,6.15625],"rotation":0,"texture":"#0","tintindex":0},"west":{"uv":[4.59375,7.375,4.84375,7.71875],"rotation":0,"texture":"#0","tintindex":0},"up":{"uv":[2.40625,6.9375,2.0,6.6875],"rotation":0,"texture":"#0","tintindex":0},"down":{"uv":[7.125,1.28125,6.71875,1.53125],"rotation":0,"texture":"#0","tintindex":0}}},{"from":[2.8932638,6.747587,4.3374643],"to":[13.453264,10.587587,13.937464],"rotation":{"angle":-22.5,"axis":"x","origin":[8.173264,6.747587,3.8574643]},"faces":{"east":{"uv":[3.84375,7.53125,4.28125,7.71875],"rotation":0,"texture":"#0","tintindex":0},"south":{"uv":[5.5,7.34375,5.96875,7.53125],"rotation":0,"texture":"#0","tintindex":0},"north":{"uv":[3.875,7.34375,4.34375,7.53125],"rotation":0,"texture":"#0","tintindex":0},"west":{"uv":[5.5,7.53125,5.9375,7.71875],"rotation":0,"texture":"#0","tintindex":0},"up":{"uv":[3.84375,5.5625,3.375,5.125],"rotation":0,"texture":"#0","tintindex":0},"down":{"uv":[4.3125,5.125,3.84375,5.5625],"rotation":0,"texture":"#0","tintindex":0}}},{"from":[-0.46673584,5.3075876,5.2974644],"to":[2.8932638,10.107588,12.017465],"rotation":{"angle":-22.5,"axis":"x","origin":[8.173264,6.747587,3.8574643]},"faces":{"east":{"uv":[3.40625,7.6875,3.71875,7.90625],"rotation":0,"texture":"#0","tintindex":0},"south":{"uv":[0.96875,8.59375,1.125,8.8125],"rotation":0,"texture":"#0","tintindex":0},"north":{"uv":[8.59375,0.15625,8.75,0.375],"rotation":0,"texture":"#0","tintindex":0},"west":{"uv":[5.9375,7.6875,6.25,7.90625],"rotation":0,"texture":"#0","tintindex":0},"up":{"uv":[8.09375,8.34375,7.9375,8.03125],"rotation":0,"texture":"#0","tintindex":0},"down":{"uv":[4.15625,8.0625,4.0,8.375],"rotation":0,"texture":"#0","tintindex":0}}},{"from":[13.453264,5.3075876,5.2974644],"to":[16.813265,10.107588,12.017465],"rotation":{"angle":-22.5,"axis":"x","origin":[8.173264,6.747587,3.8574643]},"faces":{"east":{"uv":[0.59375,7.71875,0.90625,7.9375],"rotation":0,"texture":"#0","tintindex":0},"south":{"uv":[1.125,8.59375,1.28125,8.8125],"rotation":0,"texture":"#0","tintindex":0},"north":{"uv":[8.59375,0.96875,8.75,1.1875],"rotation":0,"texture":"#0","tintindex":0},"west":{"uv":[3.71875,7.71875,4.03125,7.9375],"rotation":0,"texture":"#0","tintindex":0},"up":{"uv":[4.3125,8.375,4.15625,8.0625],"rotation":0,"texture":"#0","tintindex":0},"down":{"uv":[4.46875,8.0625,4.3125,8.375],"rotation":0,"texture":"#0","tintindex":0}}},{"from":[4.813264,10.587587,3.8574643],"to":[11.533264,14.4275875,13.937464],"rotation":{"angle":-22.5,"axis":"x","origin":[8.173264,6.747587,3.8574643]},"faces":{"east":{"uv":[7.34375,5.53125,7.8125,5.71875],"rotation":0,"texture":"#0","tintindex":0},"south":{"uv":[7.40625,7.84375,7.71875,8.03125],"rotation":0,"texture":"#0","tintindex":0},"north":{"uv":[6.84375,7.84375,7.15625,8.03125],"rotation":0,"texture":"#0","tintindex":0},"west":{"uv":[7.34375,5.71875,7.8125,5.90625],"rotation":0,"texture":"#0","tintindex":0},"up":{"uv":[0.3125,6.28125,0.0,5.8125],"rotation":0,"texture":"#0","tintindex":0},"down":{"uv":[0.625,5.8125,0.3125,6.28125],"rotation":0,"texture":"#0","tintindex":0}}},{"from":[0.013263226,9.627587,11.537464],"to":[16.333263,16.347588,18.257465],"rotation":{"angle":-22.5,"axis":"x","origin":[9.133265,6.747587,3.8574643]},"faces":{"east":{"uv":[4.75,7.0625,5.0625,7.375],"rotation":0,"texture":"#0","tintindex":0},"south":{"uv":[4.5625,1.9375,5.3125,2.25],"rotation":0,"texture":"#0","tintindex":0},"north":{"uv":[0.0,4.53125,0.75,4.84375],"rotation":0,"texture":"#0","tintindex":0},"west":{"uv":[0.375,7.09375,0.6875,7.40625],"rotation":0,"texture":"#0","tintindex":0},"up":{"uv":[5.3125,2.5625,4.5625,2.25],"rotation":0,"texture":"#0","tintindex":0},"down":{"uv":[5.375,0.375,4.625,0.6875],"rotation":0,"texture":"#0","tintindex":0}}},{"from":[0.97326374,14.4275875,5.777464],"to":[15.373264,17.787588,13.937464],"rotation":{"angle":-22.5,"axis":"x","origin":[8.173264,6.747587,3.8574643]},"faces":{"east":{"uv":[7.71875,7.875,8.09375,8.03125],"rotation":0,"texture":"#0","tintindex":0},"south":{"uv":[6.71875,1.125,7.375,1.28125],"rotation":0,"texture":"#0","tintindex":0},"north":{"uv":[6.71875,0.96875,7.375,1.125],"rotation":0,"texture":"#0","tintindex":0},