{"textures":{"1":"modelengine:entity/toro_wither_terror"},"elements":[{"from":[-4.4800034,4.5011053,6.2563276],"to":[11.359997,10.261106,12.496328],"rotation":{"angle":0.0,"axis":"y","origin":[-12.160004,-6.5388947,12.016328]},"faces":{"east":{"uv":[3.0625,10.3125,2.65625,10.6875],"rotation":0,"texture":"#1","tintindex":0},"south":{"uv":[8.40625,3.65625,7.375,4.03125],"rotation":0,"texture":"#1","tintindex":0},"north":{"uv":[8.15625,6.4375,7.125,6.8125],"rotation":0,"texture":"#1","tintindex":0},"west":{"uv":[10.625,8.65625,10.21875,9.03125],"rotation":0,"texture":"#1","tintindex":0},"up":{"uv":[6.625,0.40625,7.65625,0.0],"rotation":0,"texture":"#1","tintindex":0},"down":{"uv":[6.75,6.8125,7.78125,7.21875],"rotation":0,"texture":"#1","tintindex":0}}},{"from":[11.359997,5.4611053,7.6963277],"to":[27.199997,9.781106,11.536327],"rotation":{"angle":0.0,"axis":"y","origin":[-12.160004,-6.5388947,12.016328]},"faces":{"east":{"uv":[4.84375,11.8125,4.59375,12.09375],"rotation":0,"texture":"#1","tintindex":0},"south":{"uv":[10.03125,0.84375,9.0,1.125],"rotation":0,"texture":"#1","tintindex":0},"north":{"uv":[9.90625,2.71875,8.875,3.0],"rotation":0,"texture":"#1","tintindex":0},"west":{"uv":[12.03125,3.25,11.78125,3.53125],"rotation":0,"texture":"#1","tintindex":0},"up":{"uv":[9.125,5.53125,10.15625,5.28125],"rotation":0,"texture":"#1","tintindex":0},"down":{"uv":[9.3125,2.4375,10.34375,2.6875],"rotation":0,"texture":"#1","tintindex":0}}},{"from":[6.079997,1.1411057,8.176328],"to":[21.919996,3.5411057,10.096328],"rotation":{"angle":0.0,"axis":"y","origin":[-12.160004,-6.5388947,12.016328]},"faces":{"east":{"uv":[1.9375,10.15625,1.8125,10.3125],"rotation":0,"texture":"#1","tintindex":0},"south":{"uv":[10.71875,8.5,9.6875,8.65625],"rotation":0,"texture":"#1","tintindex":0},"north":{"uv":[3.625,4.875,2.59375,5.03125],"rotation":0,"texture":"#1","tintindex":0},"west":{"uv":[8.40625,3.5,8.28125,3.65625],"rotation":0,"texture":"#1","tintindex":0},"up":{"uv":[10.625,9.0,11.65625,8.875],"rotation":0,"texture":"#1","tintindex":0},"down":{"uv":[10.65625,0.46875,11.6875,0.59375],"rotation":0,"texture":"#1","tintindex":0}}},{"from":[19.519999,3.1811051,8.056328],"to":[32.0,5.581105,10.216328],"rotation":{"angle":22.5,"axis":"z","origin":[24.079996,2.3411055,9.136328]},"faces":{"east":{"uv":[12.03125,6.9375,11.875,7.09375],"rotation":0,"texture":"#1","tintindex":0},"south":{"uv":[11.53125,8.46875,10.71875,8.625],"rotation":0,"texture":"#1","tintindex":0},"north":{"uv":[11.53125,5.3125,10.71875,5.46875],"rotation":0,"texture":"#1","tintindex":0},"west":{"uv":[11.0625,2.1875,10.90625,2.34375],"rotation":0,"texture":"#1","tintindex":0},"up":{"uv":[10.71875,9.5625,11.53125,9.40625],"rotation":0,"texture":"#1","tintindex":0},"down":{"uv":[10.75,1.0,11.5625,1.15625],"rotation":0,"texture":"#1","tintindex":0}}},{"from":[-7.840003,1.1411057,5.2963276],"to":[0.79999685,8.341105,14.896328],"rotation":{"angle":0.0,"axis":"y","origin":[-12.160004,-6.5388947,12.016328]},"faces":{"east":{"uv":[9.625,0.375,9.0,0.84375],"rotation":0,"texture":"#1","tintindex":0},"south":{"uv":[8.3125,9.28125,7.75,9.75],"rotation":0,"texture":"#1","tintindex":0},"north":{"uv":[9.65625,3.0,9.09375,3.46875],"rotation":0,"texture":"#1","tintindex":0},"west":{"uv":[9.5625,4.8125,8.9375,5.28125],"rotation":0,"texture":"#1","tintindex":0},"up":{"uv":[7.5,8.25,8.0625,7.625],"rotation":0,"texture":"#1","tintindex":0},"down":{"uv":[3.5,7.75,4.0625,8.375],"rotation":0,"texture":"#1","tintindex":0}}},{"from":[-1.840003,1.6211057,4.696327],"to":[10.6399975,7.3811054,10.936328],"rotation":{"angle":22.5,"axis":"z","origin":[5.119998,4.5011053,9.3763275]},"faces":{"east":{"uv":[10.09375,10.3125,9.6875,10.6875],"rotation":0,"texture":"#1","tintindex":0},"south":{"uv":[9.3125,1.59375,8.5,1.96875],"rotation":0,"texture":"#1","tintindex":0},"north":{"uv":[2.0625,8.46875,1.25,8.84375],"rotation":0,"texture":"#1","tintindex":0},"west":{"uv":[8.53125,10.3125,8.125,10.6875],"rotation":0,"texture":"#1","tintindex":0},"up":{"uv":[8.3125,5.6875,9.125,5.28125],"rotation":0,"texture":"#1","tintindex":0},"down":{"uv":[5.875,8.3125,6.6875,8.71875],"rotation":0,"texture":"#1","tintindex":0}}},{"from":[-5.2752695,9.411355,5.6563272],"to":[7.204731,12.411355,9.976328],"rotation":{"angle":-22.5,"axis":"z","origin":[0.96473074,12.651356,7.8163276]},"faces":{"east":{"uv":[6.28125,10.15625,6.0,10.34375],"rotation":0,"texture":"#1","tintindex":0},"south":{"uv":[11.03125,5.53125,10.21875,5.71875],"rotation":0,"texture":"#1","tintindex":0},"north":{"uv":[10.9375,7.46875,10.125,7.65625],"rotation":0,"texture":"#1","tintindex":0},"west":{"uv":[8.0,7.4375,7.71875,7.625],"rotation":0,"texture":"#1","tintindex":0},"up":{"uv":[9.46875,3.75,10.28125,3.46875],"rotation":0,"texture":"#1","tintindex":0},"down":{"uv":[9.46875,3.75,10.28125,4.03125],"rotation":0,"texture":"#1","tintindex":0}}}],"display":{"head":{"translation":[51.84001,-6.4,0.0],"scale":[4.0,4.0,4.0]}}}