{"textures":{"1":"modelengine:entity/toro_wither_terror"},"elements":[{"from":[3.1999998,-0.04501629,0.62857056],"to":[12.8,8.183556,32.0],"rotation":{"angle":22.5,"axis":"x","origin":[8.0,4.06927,11.857142]},"faces":{"east":{"uv":[0.6875,6.375,2.125,6.75],"rotation":0,"texture":"#1","tintindex":0},"south":{"uv":[5.5625,10.15625,6.0,10.53125],"rotation":0,"texture":"#1","tintindex":0},"north":{"uv":[4.5625,10.15625,5.0,10.53125],"rotation":0,"texture":"#1","tintindex":0},"west":{"uv":[6.53125,2.875,7.96875,3.25],"rotation":0,"texture":"#1","tintindex":0},"up":{"uv":[4.0625,7.09375,3.625,5.65625],"rotation":0,"texture":"#1","tintindex":0},"down":{"uv":[4.875,5.75,4.4375,7.1875],"rotation":0,"texture":"#1","tintindex":0}}},{"from":[4.4685717,-3.1718206,7.3792152],"to":[9.611428,6.771036,13.036358],"rotation":{"angle":45.0,"axis":"z","origin":[-1.1885719,-0.4289646,7.893501]},"faces":{"east":{"uv":[7.59375,11.28125,7.84375,11.75],"rotation":0,"texture":"#1","tintindex":0},"south":{"uv":[7.84375,11.28125,8.09375,11.75],"rotation":0,"texture":"#1","tintindex":0},"north":{"uv":[7.34375,11.28125,7.59375,11.75],"rotation":0,"texture":"#1","tintindex":0},"west":{"uv":[8.09375,11.28125,8.34375,11.75],"rotation":0,"texture":"#1","tintindex":0},"up":{"uv":[12.21875,3.96875,11.96875,3.71875],"rotation":0,"texture":"#1","tintindex":0},"down":{"uv":[12.21875,11.71875,11.96875,11.96875],"rotation":0,"texture":"#1","tintindex":0}}},{"from":[-1.4589434,9.208198,6.350644],"to":[2.1410575,18.636768,10.122072],"rotation":{"angle":-22.5,"axis":"x","origin":[-5.916086,15.208198,9.607787]},"faces":{"east":{"uv":[9.375,11.6875,9.5625,12.125],"rotation":0,"texture":"#1","tintindex":0},"south":{"uv":[7.625,11.90625,7.78125,12.34375],"rotation":0,"texture":"#1","tintindex":0},"north":{"uv":[7.46875,11.90625,7.625,12.34375],"rotation":0,"texture":"#1","tintindex":0},"west":{"uv":[4.0625,11.71875,4.25,12.15625],"rotation":0,"texture":"#1","tintindex":0},"up":{"uv":[3.25,12.53125,3.09375,12.34375],"rotation":0,"texture":"#1","tintindex":0},"down":{"uv":[3.40625,12.34375,3.25,12.53125],"rotation":0,"texture":"#1","tintindex":0}}},{"from":[13.858942,9.208198,6.350644],"to":[17.458942,18.636768,10.122072],"rotation":{"angle":-22.5,"axis":"x","origin":[21.916086,15.208198,9.607787]},"faces":{"east":{"uv":[4.25,11.71875,4.4375,12.15625],"rotation":0,"texture":"#1","tintindex":0},"south":{"uv":[10.9375,11.90625,11.09375,12.34375],"rotation":0,"texture":"#1","tintindex":0},"north":{"uv":[7.78125,11.90625,7.9375,12.34375],"rotation":0,"texture":"#1","tintindex":0},"west":{"uv":[8.9375,11.71875,9.125,12.15625],"rotation":0,"texture":"#1","tintindex":0},"up":{"uv":[3.5625,12.53125,3.40625,12.34375],"rotation":0,"texture":"#1","tintindex":0},"down":{"uv":[3.71875,12.34375,3.5625,12.53125],"rotation":0,"texture":"#1","tintindex":0}}},{"from":[6.3885713,-3.1718206,7.3792152],"to":[11.531428,6.771036,13.036358],"rotation":{"angle":-45.0,"axis":"z","origin":[17.188572,-0.4289646,7.893501]},"faces":{"east":{"uv":[1.8125,11.3125,2.0625,11.78125],"rotation":0,"texture":"#1","tintindex":0},"south":{"uv":[5.6875,11.3125,5.9375,11.78125],"rotation":0,"texture":"#1","tintindex":0},"north":{"uv":[8.34375,11.28125,8.59375,11.75],"rotation":0,"texture":"#1","tintindex":0},"west":{"uv":[5.9375,11.3125,6.1875,11.78125],"rotation":0,"texture":"#1","tintindex":0},"up":{"uv":[12.21875,12.21875,11.96875,11.96875],"rotation":0,"texture":"#1","tintindex":0},"down":{"uv":[12.25,2.03125,12.0,2.28125],"rotation":0,"texture":"#1","tintindex":0}}},{"from":[4.4685717,-8.588964,19.859217],"to":[9.611428,-1.3889647,25.51636],"rotation":{"angle":45.0,"axis":"z","origin":[-1.1885719,-5.8461075,20.3735]},"faces":{"east":{"uv":[9.71875,11.75,9.96875,12.0625],"rotation":0,"texture":"#1","tintindex":0},"south":{"uv":[10.6875,11.75,10.9375,12.0625],"rotation":0,"texture":"#1","tintindex":0},"north":{"uv":[7.75,8.90625,8.0,9.21875],"rotation":0,"texture":"#1","tintindex":0},"west":{"uv":[0.6875,11.78125,0.9375,12.09375],"rotation":0,"texture":"#1","tintindex":0},"up":{"uv":[12.28125,1.40625,12.03125,1.15625],"rotation":0,"texture":"#1","tintindex":0},"down":{"uv":[12.28125,1.40625,12.03125,1.65625],"rotation":0,"texture":"#1","tintindex":0}}},{"from":[0.5296283,2.1453404,18.830645],"to":[4.1296287,7.459626,22.602074],"rotation":{"angle":-22.5,"axis":"x","origin":[-5.916086,9.791055,22.087788]},"faces":{"east":{"uv":[12.3125,3.9375,12.5,4.1875],"rotation":0,"texture":"#1","tintindex":0},"south":{"uv":[3.0625,10.3125,3.21875,10.5625],"rotation":0,"texture":"#1","tintindex":0},"north":{"uv":[0.8125,3.875,0.96875,4.125],"rotation":0,"texture":"#1","tintindex":0},"west":{"uv":[12.3125,4.1875,12.5,4.4375],"rotation":0,"texture":"#1","tintindex":0},"up":{"uv":[3.875,12.53125,3.71875,12.34375],"rotation":0,"texture":"#1","tintindex":0},"down":{"uv":[12.5,4.4375,12.34375,4.625],"rotation":0,"texture":"#1","tintindex":0}}},{"from":[6.3885713,-8.588964,19.859217],"to":[11.531428,-1.3889647,25.51636],"rotation":{"angle":-45.0,"axis":"z","origin":[17.188572,-5.8461075,20.3735]},"faces":{"east":{"uv":[1.5625,11.78125,1.8125,12.09375],"rotation":0,"texture":"#1","tintindex":0},"south":{"uv":[1.8125,11.78125,2.0625,12.09375],"rotation":0,"texture":"#1","tintindex":0},"north":{"uv":[11.78125,1.15625,12.03125,1.46875],"rotation":0,"texture":"#1","tintindex":0},"west":{"uv":[5.5625,11.78125,5.8125,12.09375],"rotation":0,"texture":"#1","tintindex":0},"up":{"uv":[12.28125,3.5,12.03125,3.25],"rotation":0,"texture":"#1","tintindex":0},"down":{"uv":[12.28125,9.5625,12.03125,9.8125],"rotation":0,"texture":"#1","tintindex":0}}},{"from":[11.870371,2.1453404,18.830645],"to":[15.470371,7.459626,22.602074],"rotation":{"angle":-22.5,"axis":"x","origin":[21.916086,9.791055,22.087788]},"faces":{"east":{"uv":[4.40625,12.3125,4.59375,12.5625],"rotation":0,"texture":"#1","tintindex":0},"south":{"uv":[7.96875,10.34375,8.125,10.59375],"rotation":0,"texture":"#1","tintindex":0},"north":{"uv":[2.21875,10.34375,2.375,10.59375],"rotation":0,"texture":"#1","tintindex":0},"west":{"uv":[4.59375,12.3125,4.78125,12.5625],"rotation":0,"texture":"#1","tintindex":0},"up":{"uv":[5.09375,12.53125,4.9375,12.34375],"rotation":0,"texture":"#1","tintindex":0},"down":{"uv":[5.53125,12.34375,5.375,12.53125],"rotation":0,"texture":"#1","tintindex":0}}}],"display":{"head":{"translation":[0.0,-6.4,16.611458],"scale":[4.0,4.0,4.0]}}}