{"textures":{"1":"modelengine:entity/toro_wither_terror"},"elements":[{"from":[-8.114286,-1.894805,0.6285715],"to":[24.114286,12.505196,14.342857],"rotation":{"angle":0.0,"axis":"y","origin":[7.6571426,-41.666237,0.6285715]},"faces":{"east":{"uv":[3.625,7.09375,4.25,7.75],"rotation":0,"texture":"#1","tintindex":0},"south":{"uv":[2.28125,4.21875,3.75,4.875],"rotation":0,"texture":"#1","tintindex":0},"north":{"uv":[0.8125,4.21875,2.28125,4.875],"rotation":0,"texture":"#1","tintindex":0},"west":{"uv":[7.125,5.375,7.75,6.03125],"rotation":0,"texture":"#1","tintindex":0},"up":{"uv":[5.96875,3.625,4.5,3.0],"rotation":0,"texture":"#1","tintindex":0},"down":{"uv":[5.96875,3.625,4.5,4.25],"rotation":0,"texture":"#1","tintindex":0}}},{"from":[-1.9428577,-10.123377,0.6285715],"to":[17.942858,-1.894805,18.457144],"rotation":{"angle":0.0,"axis":"y","origin":[6.9714284,-41.666237,0.6285715]},"faces":{"east":{"uv":[8.5625,0.0,9.375,0.375],"rotation":0,"texture":"#1","tintindex":0},"south":{"uv":[4.96875,8.1875,5.875,8.5625],"rotation":0,"texture":"#1","tintindex":0},"north":{"uv":[8.15625,6.375,9.0625,6.75],"rotation":0,"texture":"#1","tintindex":0},"west":{"uv":[8.5625,1.125,9.375,1.5],"rotation":0,"texture":"#1","tintindex":0},"up":{"uv":[6.03125,2.1875,5.125,1.375],"rotation":0,"texture":"#1","tintindex":0},"down":{"uv":[6.03125,2.1875,5.125,3.0],"rotation":0,"texture":"#1","tintindex":0}}},{"from":[-5.3714285,-1.894805,-4.1714287],"to":[0.11428547,13.19091,0.6285715],"rotation":{"angle":-22.5,"axis":"z","origin":[-2.6285725,1.5337667,-1.7714291]},"faces":{"east":{"uv":[5.0,10.15625,5.21875,10.84375],"rotation":0,"texture":"#1","tintindex":0},"south":{"uv":[5.3125,9.8125,5.5625,10.5],"rotation":0,"texture":"#1","tintindex":0},"north":{"uv":[3.75,4.1875,4.0,4.875],"rotation":0,"texture":"#1","tintindex":0},"west":{"uv":[9.1875,10.21875,9.40625,10.90625],"rotation":0,"texture":"#1","tintindex":0},"up":{"uv":[12.46875,3.9375,12.21875,3.71875],"rotation":0,"texture":"#1","tintindex":0},"down":{"uv":[12.46875,11.71875,12.21875,11.9375],"rotation":0,"texture":"#1","tintindex":0}}},{"from":[15.885715,-1.894805,-4.1714287],"to":[21.37143,13.19091,0.6285715],"rotation":{"angle":22.5,"axis":"z","origin":[18.628572,1.5337667,-1.7714291]},"faces":{"east":{"uv":[6.40625,10.34375,6.625,11.03125],"rotation":0,"texture":"#1","tintindex":0},"south":{"uv":[3.21875,9.90625,3.46875,10.59375],"rotation":0,"texture":"#1","tintindex":0},"north":{"uv":[1.28125,9.875,1.53125,10.5625],"rotation":0,"texture":"#1","tintindex":0},"west":{"uv":[10.375,1.375,10.59375,2.0625],"rotation":0,"texture":"#1","tintindex":0},"up":{"uv":[12.1875,12.4375,11.9375,12.21875],"rotation":0,"texture":"#1","tintindex":0},"down":{"uv":[12.46875,11.9375,12.21875,12.15625],"rotation":0,"texture":"#1","tintindex":0}}},{"from":[-5.788048,-13.5069065,-3.6571426],"to":[-2.1880474,0.2073803,0.28571415],"rotation":{"angle":0.0,"axis":"y","origin":[-6.302333,-7.335477,-1.7714291]},"faces":{"east":{"uv":[5.59375,7.21875,5.78125,7.84375],"rotation":0,"texture":"#1","tintindex":0},"south":{"uv":[1.09375,11.46875,1.25,12.09375],"rotation":0,"texture":"#1","tintindex":0},"north":{"uv":[4.34375,0.0,4.5,0.625],"rotation":0,"texture":"#1","tintindex":0},"west":{"uv":[5.21875,11.0625,5.40625,11.6875],"rotation":0,"texture":"#1","tintindex":0},"up":{"uv":[6.0,10.71875,5.84375,10.53125],"rotation":0,"texture":"#1","tintindex":0},"down":{"uv":[1.4375,12.34375,1.28125,12.53125],"rotation":0,"texture":"#1","tintindex":0}}},{"from":[18.188047,-13.5069065,-3.6571426],"to":[21.788048,0.2073803,0.28571415],"rotation":{"angle":0.0,"axis":"y","origin":[22.302334,-7.335477,-1.7714291]},"faces":{"east":{"uv":[1.625,11.15625,1.8125,11.78125],"rotation":0,"texture":"#1","tintindex":0},"south":{"uv":[5.40625,11.46875,5.5625,12.09375],"rotation":0,"texture":"#1","tintindex":0},"north":{"uv":[4.4375,11.46875,4.59375,12.09375],"rotation":0,"texture":"#1","tintindex":0},"west":{"uv":[11.15625,4.09375,11.34375,4.71875],"rotation":0,"texture":"#1","tintindex":0},"up":{"uv":[1.59375,12.53125,1.4375,12.34375],"rotation":0,"texture":"#1","tintindex":0},"down":{"uv":[1.75,12.34375,1.59375,12.53125],"rotation":0,"texture":"#1","tintindex":0}}},{"from":[2.6857138,-9.094805,16.57143],"to":[7.8285713,0.8480525,22.228573],"rotation":{"angle":45.0,"axis":"z","origin":[-2.9714298,-6.351948,17.085716]},"faces":{"east":{"uv":[11.15625,6.375,11.40625,6.84375],"rotation":0,"texture":"#1","tintindex":0},"south":{"uv":[8.6875,11.15625,8.9375,11.625],"rotation":0,"texture":"#1","tintindex":0},"north":{"uv":[11.15625,4.71875,11.40625,5.1875],"rotation":0,"texture":"#1","tintindex":0},"west":{"uv":[11.1875,1.84375,11.4375,2.3125],"rotation":0,"texture":"#1","tintindex":0},"up":{"uv":[10.03125,7.90625,9.78125,7.65625],"rotation":0,"texture":"#1","tintindex":0},"down":{"uv":[12.03125,1.46875,11.78125,1.71875],"rotation":0,"texture":"#1","tintindex":0}}},{"from":[-3.2418003,3.285214,15.542857],"to":[0.35820007,12.713785,19.314287],"rotation":{"angle":-22.5,"axis":"x","origin":[-7.698944,9.285214,18.800001]},"faces":{"east":{"uv":[4.875,6.78125,5.0625,7.21875],"rotation":0,"texture":"#1","tintindex":0},"south":{"uv":[3.8125,11.90625,3.96875,12.34375],"rotation":0,"texture":"#1","tintindex":0},"north":{"uv":[3.65625,11.90625,3.8125,12.34375],"rotation":0,"texture":"#1","tintindex":0},"west":{"uv":[1.875,7.46875,2.0625,7.90625],"rotation":0,"texture":"#1","tintindex":0},"up":{"uv":[1.90625,12.53125,1.75,12.34375],"rotation":0,"texture":"#1","tintindex":0},"down":{"uv":[2.0625,12.34375,1.90625,12.53125],"rotation":0,"texture":"#1","tintindex":0}}},{"from":[-3.2418003,-0.6576433,27.165716],"to":[0.35820007,8.770928,30.937143],"rotation":{"angle":0.0,"axis":"y","origin":[-7.698944,5.3423567,28.571428]},"faces":{"east":{"uv":[9.15625,6.71875,9.34375,7.15625],"rotation":0,"texture":"#1","tintindex":0},"south":{"uv":[7.0,11.90625,7.15625,12.34375],"rotation":0,"texture":"#1","tintindex":0},"north":{"uv":[11.90625,4.0,12.0625,4.4375],"rotation":0,"texture":"#1","tintindex":0},"west":{"uv":[0.9375,9.4375,1.125,9.875],"rotation":0,"texture":"#1","tintindex":0},"up":{"uv":[2.21875,12.53125,2.0625,12.34375],"rotation":0,"texture":"#1","tintindex":0},"down":{"uv":[2.71875,12.34375,2.5625,12.53125],"rotation":0,"texture":"#1","tintindex":0}}},{"from":[15.6418,-0.6576433,27.165716],"to":[19.2418,8.770928,30.937143],"rotation":{"angle":0.0,"axis":"y","origin":[23.698944,5.3423567,28.571428]},"faces":{"east":{"uv":[5.1875,11.6875,5.375,12.125],"rotation":0,"texture":"#1","tintindex":0},"south":{"uv":[7.3125,11.90625,7.46875,12.34375],"rotation":0,"texture":"#1","tintindex":0},"north":{"uv":[7.15625,11.90625,7.3125,12.34375],"rotation":0,"texture":"#1","tintindex":0},"west":{"uv":[6.8125,11.6875,7.0,12.125],"rotation":0,"texture":"#1","tintindex":0},"up":{"uv":[2.875,12.53125,2.71875,12.34375],"rotation":0,"texture":"#1","tintindex":0},"down":{"uv":[12.5,2.71875,12.34375,2.90625],"rotation":0,"texture":"#1","tintindex":0}}},{"from":[2.6857138,-13.0376625,26.34286],"to":[7.8285713,-3.0948048,32.0],"rotation":{"angle":45.0,"axis":"z","origin":[-2.9714298,-10.294806,26.857143]},"faces":{"east":{"uv":[2.5625,11.21875,2.8125,11.6875],"rotation":0,"texture":"#1","tintindex":0},"south":{"uv":[6.84375,11.21875,7.09375,11.6875],"rotation":0,"texture":"#1","tintindex":0},"north":{"uv":[11.0,11.1875,11.25,11.65625],"rotation":0,"texture":"#1","tintindex":0},"west":{"uv":[9.40625,11.21875,9.65625,11.6875],"rotation":0,"texture":"#1","tintindex":0},"up":{"uv":[12.0625,10.46875,11.8125,10.21875],"rotation":0,"texture":"#1","tintindex":0},"down":{"uv":[12.09375,2.46875,11.84375,2.71875],"rotation":0,"texture":"#1","tintindex":0}}},{"from":[8.171429,-13.0376625,26.34286],"to":[13.314286,-3.0948048,32.0],"rotation":{"angle":-45.0,"axis":"z","origin":[18.97143,-10.294806,26.857143]},"faces":{"east":{"uv":[8.9375,11.25,9.1875,11.71875],"rotation":0,"texture":"#1","tintindex":0},