{"textures":{"0":"modelengine:entity/toro_wither"},"elements":[{"from":[9.69248,4.802849,4.0726347],"to":[10.79456,7.1447687,5.1747146],"rotation":{"angle":-22.5,"axis":"x","origin":[8.03936,6.034213,4.466473]},"faces":{"east":{"uv":[7.0625,8.03125,7.15625,8.21875],"rotation":0,"texture":"#0","tintindex":0},"south":{"uv":[4.6875,8.0625,4.78125,8.25],"rotation":0,"texture":"#0","tintindex":0},"north":{"uv":[0.59375,7.40625,0.6875,7.59375],"rotation":0,"texture":"#0","tintindex":0},"west":{"uv":[3.90625,8.1875,4.0,8.375],"rotation":0,"texture":"#0","tintindex":0},"up":{"uv":[6.6875,3.0625,6.59375,2.96875],"rotation":0,"texture":"#0","tintindex":0},"down":{"uv":[2.5,6.875,2.40625,6.96875],"rotation":0,"texture":"#0","tintindex":0}}},{"from":[5.2841597,4.802849,4.0726347],"to":[6.38624,7.1447687,5.1747146],"rotation":{"angle":-22.5,"axis":"x","origin":[8.03936,6.034213,4.466473]},"faces":{"east":{"uv":[8.09375,8.65625,8.1875,8.84375],"rotation":0,"texture":"#0","tintindex":0},"south":{"uv":[4.84375,8.6875,4.9375,8.875],"rotation":0,"texture":"#0","tintindex":0},"north":{"uv":[8.1875,5.59375,8.28125,5.78125],"rotation":0,"texture":"#0","tintindex":0},"west":{"uv":[2.03125,8.75,2.125,8.9375],"rotation":0,"texture":"#0","tintindex":0},"up":{"uv":[7.34375,4.03125,7.25,3.9375],"rotation":0,"texture":"#0","tintindex":0},"down":{"uv":[5.59375,7.25,5.5,7.34375],"rotation":0,"texture":"#0","tintindex":0}}},{"from":[7.2128,5.7751436,3.3744473],"to":[8.86592,7.9793034,5.5786076],"rotation":{"angle":0.0,"axis":"x","origin":[8.03936,6.034213,4.466473]},"faces":{"east":{"uv":[1.9375,8.5625,2.125,8.75],"rotation":0,"texture":"#0","tintindex":0},"south":{"uv":[8.75,1.4375,8.875,1.625],"rotation":0,"texture":"#0","tintindex":0},"north":{"uv":[0.28125,8.71875,0.40625,8.90625],"rotation":0,"texture":"#0","tintindex":0},"west":{"uv":[8.5625,2.09375,8.75,2.28125],"rotation":0,"texture":"#0","tintindex":0},"up":{"uv":[1.59375,8.9375,1.46875,8.75],"rotation":0,"texture":"#0","tintindex":0},"down":{"uv":[1.71875,8.75,1.59375,8.9375],"rotation":0,"texture":"#0","tintindex":0}}},{"from":[7.48832,4.1571407,3.583538],"to":[8.5904,6.361301,4.6856184],"rotation":{"angle":-22.5,"axis":"x","origin":[8.03936,6.034213,4.466473]},"faces":{"east":{"uv":[4.21875,8.78125,4.3125,8.96875],"rotation":0,"texture":"#0","tintindex":0},"south":{"uv":[8.78125,5.9375,8.875,6.125],"rotation":0,"texture":"#0","tintindex":0},"north":{"uv":[3.125,8.75,3.21875,8.9375],"rotation":0,"texture":"#0","tintindex":0},"west":{"uv":[8.78125,6.875,8.875,7.0625],"rotation":0,"texture":"#0","tintindex":0},"up":{"uv":[7.34375,5.625,7.25,5.53125],"rotation":0,"texture":"#0","tintindex":0},"down":{"uv":[7.375,2.5,7.28125,2.59375],"rotation":0,"texture":"#0","tintindex":0}}},{"from":[5.55968,8.94256,8.515157],"to":[10.51904,13.350882,11.545877],"rotation":{"angle":0.0,"axis":"y","origin":[6.524,7.1385603,7.826357]},"faces":{"east":{"uv":[4.34375,7.375,4.59375,7.71875],"rotation":0,"texture":"#0","tintindex":0},"south":{"uv":[5.78125,5.875,6.1875,6.21875],"rotation":0,"texture":"#0","tintindex":0},"north":{"uv":[4.75,5.8125,5.15625,6.15625],"rotation":0,"texture":"#0","tintindex":0},"west":{"uv":[4.59375,7.375,4.84375,7.71875],"rotation":0,"texture":"#0","tintindex":0},"up":{"uv":[2.40625,6.9375,2.0,6.6875],"rotation":0,"texture":"#0","tintindex":0},"down":{"uv":[7.125,1.28125,6.71875,1.53125],"rotation":0,"texture":"#0","tintindex":0}}},{"from":[5.00864,7.08429,3.6510458],"to":[11.07008,9.28845,9.161446],"rotation":{"angle":-22.5,"axis":"x","origin":[8.03936,7.08429,3.3755255]},"faces":{"east":{"uv":[3.84375,7.53125,4.28125,7.71875],"rotation":0,"texture":"#0","tintindex":0},"south":{"uv":[5.5,7.34375,5.96875,7.53125],"rotation":0,"texture":"#0","tintindex":0},"north":{"uv":[3.875,7.34375,4.34375,7.53125],"rotation":0,"texture":"#0","tintindex":0},"west":{"uv":[5.5,7.53125,5.9375,7.71875],"rotation":0,"texture":"#0","tintindex":0},"up":{"uv":[3.84375,5.5625,3.375,5.125],"rotation":0,"texture":"#0","tintindex":0},"down":{"uv":[4.3125,5.125,3.84375,5.5625],"rotation":0,"texture":"#0","tintindex":0}}},{"from":[3.08,6.25773,4.202086],"to":[5.00864,9.01293,8.059366],"rotation":{"angle":-22.5,"axis":"x","origin":[8.03936,7.08429,3.3755255]},"faces":{"east":{"uv":[3.40625,7.6875,3.71875,7.90625],"rotation":0,"texture":"#0","tintindex":0},"south":{"uv":[0.96875,8.59375,1.125,8.8125],"rotation":0,"texture":"#0","tintindex":0},"north":{"uv":[8.59375,0.15625,8.75,0.375],"rotation":0,"texture":"#0","tintindex":0},"west":{"uv":[5.9375,7.6875,6.25,7.90625],"rotation":0,"texture":"#0","tintindex":0},"up":{"uv":[8.09375,8.34375,7.9375,8.03125],"rotation":0,"texture":"#0","tintindex":0},"down":{"uv":[4.15625,8.0625,4.0,8.375],"rotation":0,"texture":"#0","tintindex":0}}},{"from":[11.07008,6.25773,4.202086],"to":[12.99872,9.01293,8.059366],"rotation":{"angle":-22.5,"axis":"x","origin":[8.03936,7.08429,3.3755255]},"faces":{"east":{"uv":[0.59375,7.71875,0.90625,7.9375],"rotation":0,"texture":"#0","tintindex":0},"south":{"uv":[1.125,8.59375,1.28125,8.8125],"rotation":0,"texture":"#0","tintindex":0},"north":{"uv":[8.59375,0.96875,8.75,1.1875],"rotation":0,"texture":"#0","tintindex":0},"west":{"uv":[3.71875,7.71875,4.03125,7.9375],"rotation":0,"texture":"#0","tintindex":0},"up":{"uv":[4.3125,8.375,4.15625,8.0625],"rotation":0,"texture":"#0","tintindex":0},"down":{"uv":[4.46875,8.0625,4.3125,8.375],"rotation":0,"texture":"#0","tintindex":0}}},{"from":[6.1107197,9.28845,3.3755255],"to":[9.968,11.49261,9.161446],"rotation":{"angle":-22.5,"axis":"x","origin":[8.03936,7.08429,3.3755255]},"faces":{"east":{"uv":[7.34375,5.53125,7.8125,5.71875],"rotation":0,"texture":"#0","tintindex":0},"south":{"uv":[7.40625,7.84375,7.71875,8.03125],"rotation":0,"texture":"#0","tintindex":0},"north":{"uv":[6.84375,7.84375,7.15625,8.03125],"rotation":0,"texture":"#0","tintindex":0},"west":{"uv":[7.34375,5.71875,7.8125,5.90625],"rotation":0,"texture":"#0","tintindex":0},"up":{"uv":[0.3125,6.28125,0.0,5.8125],"rotation":0,"texture":"#0","tintindex":0},"down":{"uv":[0.625,5.8125,0.3125,6.28125],"rotation":0,"texture":"#0","tintindex":0}}},{"from":[3.3555198,8.737411,7.783846],"to":[12.7232,12.59469,11.641126],"rotation":{"angle":-22.5,"axis":"x","origin":[8.5904,7.08429,3.3755255]},"faces":{"east":{"uv":[4.75,7.0625,5.0625,7.375],"rotation":0,"texture":"#0","tintindex":0},"south":{"uv":[4.5625,1.9375,5.3125,2.25],"rotation":0,"texture":"#0","tintindex":0},"north":{"uv":[0.0,4.53125,0.75,4.84375],"rotation":0,"texture":"#0","tintindex":0},"west":{"uv":[0.375,7.09375,0.6875,7.40625],"rotation":0,"texture":"#0","tintindex":0},"up":{"uv":[5.3125,2.5625,4.5625,2.25],"rotation":0,"texture":"#0","tintindex":0},"down":{"uv":[5.375,0.375,4.625,0.6875],"rotation":0,"texture":"#0","tintindex":0}}},{"from":[3.90656,11.49261,4.477606],"to":[12.17216,13.421251,9.161446],"rotation":{"angle":-22.5,"axis":"x","origin":[8.03936,7.08429,3.3755255]},"faces":{"east":{"uv":[7.71875,7.875,8.09375,8.03125],"rotation":0,"texture":"#0","tintindex":0},"south":{"uv":[6.71875,1.125,7.375,1.28125],"rotation":0,"texture":"#0","tintindex":0},"north":{"uv":[6.71875,0.96875,7.375,1.125],"rotation":0,"texture":"#0","tintindex":0},"west":{"uv":[7.90625,0.0,8.28125,0.15625],"rotation":0,"texture":"#0","tintindex":0},"up":{"uv":[4.5,4.34375,3.84375,3.96875],"rotation":0,"texture":"#0","tintindex":0},"down":{"uv":[4.65625,0.0,4.0,0.375],"rotation":0,"texture":"#0","tintindex":0}}},{"from":[2.2534394,8.18637,4.477606],"to":[3.90656,12.31917,9.161446],"rotation":{"angle":-22.5,"axis":"x","origin":[8.03936,7.08429,3.3755255]},"faces":{"east":{"uv":[0.0,6.28125,0.375,6.625],"rotation":0,"texture":"#0","tintindex":0},"south":{"uv":[7.25,8.34375,7.375,8.6875],"rotation":0,"texture":"#0","tintindex":0},"north":{"uv":[8.34375,7.21875,8.46875,7.5625],"rotation":0,"texture":"#0","tintindex":0},"west":{"uv":[5.125,6.28125,5.5,6.625],"rotation":0,"texture":"#0","tintindex":0},"up":{"uv":[5.75,8.65625,5.625,8.28125],