{"textures":{"2":"modelengine:entity/colossus"},"elements":[{"from":[-2.4260578,6.485618,0.0],"to":[10.145372,17.914188,6.285714],"rotation":{"angle":22.5,"axis":"x","origin":[6.285714,14.08225,0.0]},"faces":{"east":{"uv":[10.4375,12.375,10.09375,13.0],"rotation":0,"texture":"#2","tintindex":0},"south":{"uv":[11.09375,4.53125,10.40625,5.15625],"rotation":0,"texture":"#2","tintindex":0},"north":{"uv":[5.09375,10.59375,4.40625,11.21875],"rotation":0,"texture":"#2","tintindex":0},"west":{"uv":[7.40625,12.40625,7.0625,13.03125],"rotation":0,"texture":"#2","tintindex":0},"up":{"uv":[12.6875,4.40625,12.0,4.75],"rotation":0,"texture":"#2","tintindex":0},"down":{"uv":[12.6875,5.09375,12.0,4.75],"rotation":0,"texture":"#2","tintindex":0}}},{"from":[-2.877761,4.4222393,12.634808],"to":[3.9793816,10.707954,16.06338],"rotation":{"angle":-22.5,"axis":"x","origin":[6.285714,4.939392,12.0]},"faces":{"east":{"uv":[13.40625,13.21875,13.21875,13.5625],"rotation":0,"texture":"#2","tintindex":0},"south":{"uv":[13.40625,0.25,13.03125,0.59375],"rotation":0,"texture":"#2","tintindex":0},"north":{"uv":[7.375,13.03125,7.0,13.375],"rotation":0,"texture":"#2","tintindex":0},"west":{"uv":[0.875,13.25,0.6875,13.59375],"rotation":0,"texture":"#2","tintindex":0},"up":{"uv":[13.59375,7.40625,13.21875,7.59375],"rotation":0,"texture":"#2","tintindex":0},"down":{"uv":[13.59375,7.78125,13.21875,7.59375],"rotation":0,"texture":"#2","tintindex":0}}},{"from":[-2.3242683,3.4285722,8.120817],"to":[2.2471604,9.142858,11.549389],"rotation":{"angle":22.5,"axis":"x","origin":[8.0,-3.6320372,5.142857]},"faces":{"east":{"uv":[13.4375,11.46875,13.25,11.78125],"rotation":0,"texture":"#2","tintindex":0},"south":{"uv":[11.96875,2.875,11.71875,3.1875],"rotation":0,"texture":"#2","tintindex":0},"north":{"uv":[13.375,6.03125,13.125,6.34375],"rotation":0,"texture":"#2","tintindex":0},"west":{"uv":[0.53125,13.28125,0.34375,13.59375],"rotation":0,"texture":"#2","tintindex":0},"up":{"uv":[13.625,4.28125,13.375,4.46875],"rotation":0,"texture":"#2","tintindex":0},"down":{"uv":[13.625,4.65625,13.375,4.46875],"rotation":0,"texture":"#2","tintindex":0}}},{"from":[-1.75284,-16.0,-1.5934696],"to":[2.8185892,-10.285715,1.8351026],"rotation":{"angle":-45.0,"axis":"x","origin":[-0.57142925,-6.4891796,-6.8571434]},"faces":{"east":{"uv":[9.5,13.25,9.3125,13.5625],"rotation":0,"texture":"#2","tintindex":0},"south":{"uv":[7.28125,4.28125,7.03125,4.59375],"rotation":0,"texture":"#2","tintindex":0},"north":{"uv":[10.0,5.15625,9.75,5.46875],"rotation":0,"texture":"#2","tintindex":0},"west":{"uv":[9.6875,13.25,9.5,13.5625],"rotation":0,"texture":"#2","tintindex":0},"up":{"uv":[1.71875,7.875,1.46875,8.0625],"rotation":0,"texture":"#2","tintindex":0},"down":{"uv":[5.46875,8.8125,5.21875,8.625],"rotation":0,"texture":"#2","tintindex":0}}},{"from":[-2.3593931,-6.9995594,-4.8736134],"to":[3.3548932,-1.2852726,-1.4450417],"rotation":{"angle":-22.5,"axis":"x","origin":[0.5714283,4.939392,-6.8571434]},"faces":{"east":{"uv":[4.65625,13.3125,4.46875,13.625],"rotation":0,"texture":"#2","tintindex":0},"south":{"uv":[13.375,6.96875,13.0625,7.28125],"rotation":0,"texture":"#2","tintindex":0},"north":{"uv":[1.4375,13.09375,1.125,13.40625],"rotation":0,"texture":"#2","tintindex":0},"west":{"uv":[4.84375,13.3125,4.65625,13.625],"rotation":0,"texture":"#2","tintindex":0},"up":{"uv":[5.15625,13.3125,4.84375,13.5],"rotation":0,"texture":"#2","tintindex":0},"down":{"uv":[6.0625,13.5,5.75,13.3125],"rotation":0,"texture":"#2","tintindex":0}}},{"from":[-2.877761,0.42223883,-2.793765],"to":[3.9793816,6.7079535,0.63480663],"rotation":{"angle":0.0,"axis":"y","origin":[0.5714283,4.939392,-6.8571434]},"faces":{"east":{"uv":[4.0625,13.25,3.875,13.59375],"rotation":0,"texture":"#2","tintindex":0},"south":{"uv":[13.40625,10.6875,13.03125,11.03125],"rotation":0,"texture":"#2","tintindex":0},"north":{"uv":[12.28125,13.03125,11.90625,13.375],"rotation":0,"texture":"#2","tintindex":0},"west":{"uv":[4.25,13.25,4.0625,13.59375],"rotation":0,"texture":"#2","tintindex":0},"up":{"uv":[8.46875,13.21875,8.09375,13.40625],"rotation":0,"texture":"#2","tintindex":0},"down":{"uv":[8.84375,13.40625,8.46875,13.21875],"rotation":0,"texture":"#2","tintindex":0}}}],"display":{"head":{"translation":[0.0,-7.8718553,0.0],"scale":[4.0,4.0,4.0]}}}