{"textures":{"2":"modelengine:entity/colossus"},"elements":[{"from":[4.8,-2.8000011,1.1999998],"to":[12.4,7.5999994,15.200001],"rotation":{"angle":22.5,"axis":"z","origin":[12.0,1.999999,8.0]},"faces":{"east":{"uv":[7.03125,3.46875,8.125,4.28125],"rotation":0,"texture":"#2","tintindex":0},"south":{"uv":[2.03125,10.125,2.625,10.9375],"rotation":0,"texture":"#2","tintindex":0},"north":{"uv":[7.34375,9.96875,7.9375,10.78125],"rotation":0,"texture":"#2","tintindex":0},"west":{"uv":[7.1875,5.65625,8.28125,6.46875],"rotation":0,"texture":"#2","tintindex":0},"up":{"uv":[7.9375,9.96875,7.34375,8.875],"rotation":0,"texture":"#2","tintindex":0},"down":{"uv":[2.0625,8.90625,1.46875,10.0],"rotation":0,"texture":"#2","tintindex":0}}},{"from":[5.6,-0.40000057,0.7999997],"to":[14.4,15.2,15.6],"rotation":{"angle":-22.5,"axis":"z","origin":[12.0,1.999999,8.0]},"faces":{"east":{"uv":[5.03125,5.21875,6.1875,6.4375],"rotation":0,"texture":"#2","tintindex":0},"south":{"uv":[0.78125,7.875,1.46875,9.09375],"rotation":0,"texture":"#2","tintindex":0},"north":{"uv":[2.46875,7.8125,3.15625,9.03125],"rotation":0,"texture":"#2","tintindex":0},"west":{"uv":[5.40625,0.0,6.5625,1.21875],"rotation":0,"texture":"#2","tintindex":0},"up":{"uv":[3.84375,9.03125,3.15625,7.875],"rotation":0,"texture":"#2","tintindex":0},"down":{"uv":[4.53125,7.875,3.84375,9.03125],"rotation":0,"texture":"#2","tintindex":0}}},{"from":[11.6,-9.536743E-7,14.0],"to":[18.400002,7.1999993,19.6],"rotation":{"angle":-22.5,"axis":"x","origin":[12.0,1.999999,8.0]},"faces":{"east":{"uv":[7.25,11.84375,7.6875,12.40625],"rotation":0,"texture":"#2","tintindex":0},"south":{"uv":[11.5,0.65625,12.03125,1.21875],"rotation":0,"texture":"#2","tintindex":0},"north":{"uv":[1.78125,4.90625,2.3125,5.46875],"rotation":0,"texture":"#2","tintindex":0},"west":{"uv":[6.3125,11.96875,6.75,12.53125],"rotation":0,"texture":"#2","tintindex":0},"up":{"uv":[11.53125,12.40625,11.0,11.96875],"rotation":0,"texture":"#2","tintindex":0},"down":{"uv":[1.5625,12.0,1.03125,12.4375],"rotation":0,"texture":"#2","tintindex":0}}},{"from":[10.8,5.1999993,7.6],"to":[14.8,13.999999,16.0],"rotation":{"angle":22.5,"axis":"x","origin":[12.0,1.999999,8.0]},"faces":{"east":{"uv":[10.21875,2.78125,10.875,3.46875],"rotation":0,"texture":"#2","tintindex":0},"south":{"uv":[5.25,12.28125,5.5625,12.96875],"rotation":0,"texture":"#2","tintindex":0},"north":{"uv":[4.9375,12.28125,5.25,12.96875],"rotation":0,"texture":"#2","tintindex":0},"west":{"uv":[10.21875,9.28125,10.875,9.96875],"rotation":0,"texture":"#2","tintindex":0},"up":{"uv":[1.59375,13.09375,1.28125,12.4375],"rotation":0,"texture":"#2","tintindex":0},"down":{"uv":[3.46875,12.4375,3.15625,13.09375],"rotation":0,"texture":"#2","tintindex":0}}},{"from":[11.6,-9.536743E-7,-3.6000004],"to":[18.400002,7.1999993,2.0],"rotation":{"angle":22.5,"axis":"x","origin":[12.0,1.999999,8.0]},"faces":{"east":{"uv":[7.6875,11.84375,7.25,12.40625],"rotation":0,"texture":"#2","tintindex":0},"south":{"uv":[2.3125,4.90625,1.78125,5.46875],"rotation":0,"texture":"#2","tintindex":0},"north":{"uv":[12.03125,0.65625,11.5,1.21875],"rotation":0,"texture":"#2","tintindex":0},"west":{"uv":[6.75,11.96875,6.3125,12.53125],"rotation":0,"texture":"#2","tintindex":0},"up":{"uv":[11.53125,11.96875,11.0,12.40625],"rotation":0,"texture":"#2","tintindex":0},"down":{"uv":[1.5625,12.4375,1.03125,12.0],"rotation":0,"texture":"#2","tintindex":0}}},{"from":[10.8,5.1999993,0.0],"to":[14.8,13.999999,8.4],"rotation":{"angle":-22.5,"axis":"x","origin":[12.0,1.999999,8.0]},"faces":{"east":{"uv":[10.875,2.78125,10.21875,3.46875],"rotation":0,"texture":"#2","tintindex":0},"south":{"uv":[5.25,12.28125,4.9375,12.96875],"rotation":0,"texture":"#2","tintindex":0},"north":{"uv":[5.5625,12.28125,5.25,12.96875],"rotation":0,"texture":"#2","tintindex":0},"west":{"uv":[10.875,9.28125,10.21875,9.96875],"rotation":0,"texture":"#2","tintindex":0},"up":{"uv":[1.59375,12.4375,1.28125,13.09375],"rotation":0,"texture":"#2","tintindex":0},"down":{"uv":[3.46875,13.09375,3.15625,12.4375],"rotation":0,"texture":"#2","tintindex":0}}},{"from":[5.2,4.3999996,1.2400002],"to":[10.4,18.0,15.16],"rotation":{"angle":0.0,"axis":"y","origin":[12.0,1.999999,8.0]},"faces":{"east":{"uv":[5.9375,3.53125,7.03125,4.59375],"rotation":0,"texture":"#2","tintindex":0},"south":{"uv":[10.40625,3.46875,10.8125,4.53125],"rotation":0,"texture":"#2","tintindex":0},"north":{"uv":[2.46875,6.75,2.875,7.8125],"rotation":0,"texture":"#2","tintindex":0},"west":{"uv":[6.1875,4.59375,7.28125,5.65625],"rotation":0,"texture":"#2","tintindex":0},"up":{"uv":[1.03125,11.3125,0.625,10.21875],"rotation":0,"texture":"#2","tintindex":0},"down":{"uv":[6.90625,10.375,6.5,11.46875],"rotation":0,"texture":"#2","tintindex":0}}},{"from":[5.3999996,1.5999994,0.099999905],"to":[10.4,15.2,4.3999996],"rotation":{"angle":-22.5,"axis":"x","origin":[12.0,10.799999,1.5999999]},"faces":{"east":{"uv":[11.0625,10.34375,11.40625,11.40625],"rotation":0,"texture":"#2","tintindex":0},"south":{"uv":[8.59375,10.5,9.0,11.5625],"rotation":0,"texture":"#2","tintindex":0},"north":{"uv":[6.90625,10.4375,7.3125,11.5],"rotation":0,"texture":"#2","tintindex":0},"west":{"uv":[4.125,11.21875,4.46875,12.28125],"rotation":0,"texture":"#2","tintindex":0},"up":{"uv":[13.21875,7.78125,12.8125,7.4375],"rotation":0,"texture":"#2","tintindex":0},"down":{"uv":[13.3125,2.71875,12.90625,3.0625],"rotation":0,"texture":"#2","tintindex":0}}},{"from":[5.6,1.5999994,11.6],"to":[10.4,15.2,15.9],"rotation":{"angle":22.5,"axis":"x","origin":[12.0,10.799999,14.4]},"faces":{"east":{"uv":[4.46875,11.21875,4.8125,12.28125],"rotation":0,"texture":"#2","tintindex":0},"south":{"uv":[3.75,10.84375,4.125,11.90625],"rotation":0,"texture":"#2","tintindex":0},"north":{"uv":[7.3125,10.78125,7.6875,11.84375],"rotation":0,"texture":"#2","tintindex":0},"west":{"uv":[11.21875,4.53125,11.5625,5.59375],"rotation":0,"texture":"#2","tintindex":0},"up":{"uv":[4.84375,13.3125,4.46875,12.96875],"rotation":0,"texture":"#2","tintindex":0},"down":{"uv":[5.21875,12.96875,4.84375,13.3125],"rotation":0,"texture":"#2","tintindex":0}}},{"from":[0.099999905,6.399999,5.2],"to":[1.2999997,12.4,11.2],"rotation":{"angle":-22.5,"axis":"z","origin":[12.0,1.999999,8.0]},"faces":{"east":{"uv":[8.75,12.1875,9.21875,12.65625],"rotation":0,"texture":"#2","tintindex":0},"south":{"uv":[3.6875,13.34375,3.78125,13.8125],"rotation":0,"texture":"#2","tintindex":0},"north":{"uv":[13.125,13.3125,13.21875,13.78125],"rotation":0,"texture":"#2","tintindex":0},"west":{"uv":[11.53125,12.1875,12.0,12.65625],"rotation":0,"texture":"#2","tintindex":0},"up":{"uv":[9.0625,13.8125,8.96875,13.34375],"rotation":0,"texture":"#2","tintindex":0},"down":{"uv":[5.625,13.375,5.53125,13.84375],"rotation":0,"texture":"#2","tintindex":0}}},{"from":[4.0,7.4999995,3.6],"to":[5.2,13.499999,9.6],"rotation":{"angle":-22.5,"axis":"x","origin":[5.6,8.799999,8.0]},"faces":{"east":{"uv":[12.21875,2.3125,12.6875,2.78125],"rotation":0,"texture":"#2","tintindex":0},"south":{"uv":[7.15625,13.375,7.25,13.84375],"rotation":0,"texture":"#2","tintindex":0},"north":{"uv":[5.625,13.375,5.71875,13.84375],"rotation":0,"texture":"#2","tintindex":0},"west":{"uv":[12.21875,6.96875,12.6875,7.4375],"rotation":0,"texture":"#2","tintindex":0},"up":{"uv":[7.34375,13.84375,7.25,13.375],"rotation":0,"texture":"#2","tintindex":0},"down":{"uv":[11.96875,13.375,11.875,13.84375],"rotation":0,"texture":"#2","tintindex":0}}},{"from":[4.2,7.1999993,6.8],"to":[5.3999996,13.2,12.8],"rotation":{"angle":22.5,"axis":"x","origin":[5.6,8.799999,8.0]},"faces":{"east":{"uv":[7.6875,12.21875,8.15625,12.6875],"rotation":0,"texture":"#2","tintindex":0},"south":{"uv":[12.0625,13.375,12.15625,13.84375],"rotation":0,"texture":"#2","tintindex":0},"north":{"uv":[11.96875,13.375,12.0625,13.84375],"rotation":0,"texture":"#2","tintindex":0},"west":{"uv":[9.21875,12.21875,9.6875,12.6875],"rotation":0,"texture":"#2","tintindex":0},"up":{"uv":[12.25,13.84375,12.15625,13.375],"rotation":0,