{"textures":{"1":"modelengine:entity/toro_wither_terror"},"elements":[{"from":[5.7200003,11.787791,-16.0],"to":[14.84,20.427792,7.040001],"rotation":{"angle":-22.5,"axis":"y","origin":[8.0,13.707791,-25.36]},"faces":{"east":{"uv":[2.59375,5.09375,4.09375,5.65625],"rotation":0,"texture":"#1","tintindex":0},"south":{"uv":[1.875,7.90625,2.46875,8.46875],"rotation":0,"texture":"#1","tintindex":0},"north":{"uv":[0.78125,7.84375,1.375,8.40625],"rotation":0,"texture":"#1","tintindex":0},"west":{"uv":[5.09375,4.25,6.59375,4.8125],"rotation":0,"texture":"#1","tintindex":0},"up":{"uv":[5.09375,5.75,4.5,4.25],"rotation":0,"texture":"#1","tintindex":0},"down":{"uv":[1.40625,4.875,0.8125,6.375],"rotation":0,"texture":"#1","tintindex":0}}},{"from":[1.1599998,11.787791,-16.0],"to":[10.28,20.427792,7.040001],"rotation":{"angle":22.5,"axis":"y","origin":[8.0,13.707791,-25.36]},"faces":{"east":{"uv":[5.09375,4.8125,6.59375,5.375],"rotation":0,"texture":"#1","tintindex":0},"south":{"uv":[0.0,8.28125,0.59375,8.84375],"rotation":0,"texture":"#1","tintindex":0},"north":{"uv":[8.0625,8.1875,8.65625,8.75],"rotation":0,"texture":"#1","tintindex":0},"west":{"uv":[5.125,0.0,6.625,0.5625],"rotation":0,"texture":"#1","tintindex":0},"up":{"uv":[2.0,6.375,1.40625,4.875],"rotation":0,"texture":"#1","tintindex":0},"down":{"uv":[2.59375,4.875,2.0,6.375],"rotation":0,"texture":"#1","tintindex":0}}},{"from":[5.3599997,-6.5722094,-15.4],"to":[10.64,6.627791,-10.360001],"rotation":{"angle":-22.5,"axis":"x","origin":[8.24,13.707791,-25.36]},"faces":{"east":{"uv":[6.6875,8.59375,7.03125,9.46875],"rotation":0,"texture":"#1","tintindex":0},"south":{"uv":[7.03125,8.59375,7.375,9.46875],"rotation":0,"texture":"#1","tintindex":0},"north":{"uv":[8.59375,4.15625,8.9375,5.03125],"rotation":0,"texture":"#1","tintindex":0},"west":{"uv":[8.65625,8.1875,9.0,9.0625],"rotation":0,"texture":"#1","tintindex":0},"up":{"uv":[9.40625,11.25,9.0625,10.90625],"rotation":0,"texture":"#1","tintindex":0},"down":{"uv":[11.3125,7.0625,10.96875,7.40625],"rotation":0,"texture":"#1","tintindex":0}}},{"from":[0.65599966,-6.5722094,-13.816],"to":[5.936,-1.5322094,-4.935999],"rotation":{"angle":-22.5,"axis":"x","origin":[8.24,13.707791,-25.36]},"faces":{"east":{"uv":[9.625,5.53125,10.21875,5.875],"rotation":0,"texture":"#1","tintindex":0},"south":{"uv":[0.34375,11.0,0.6875,11.34375],"rotation":0,"texture":"#1","tintindex":0},"north":{"uv":[0.0,11.0,0.34375,11.34375],"rotation":0,"texture":"#1","tintindex":0},"west":{"uv":[9.625,8.6875,10.21875,9.03125],"rotation":0,"texture":"#1","tintindex":0},"up":{"uv":[7.4375,10.28125,7.09375,9.6875],"rotation":0,"texture":"#1","tintindex":0},"down":{"uv":[10.03125,7.90625,9.6875,8.5],"rotation":0,"texture":"#1","tintindex":0}}},{"from":[1.6159997,-5.6122084,-5.1759987],"to":[4.976,-2.4922094,3.7040005],"rotation":{"angle":-22.5,"axis":"x","origin":[8.24,13.707791,-25.36]},"faces":{"east":{"uv":[5.96875,4.03125,6.5625,4.25],"rotation":0,"texture":"#1","tintindex":0},"south":{"uv":[12.25,1.90625,12.46875,2.125],"rotation":0,"texture":"#1","tintindex":0},"north":{"uv":[12.21875,12.15625,12.4375,12.375],"rotation":0,"texture":"#1","tintindex":0},"west":{"uv":[10.59375,1.96875,11.1875,2.1875],"rotation":0,"texture":"#1","tintindex":0},"up":{"uv":[7.375,11.28125,7.15625,10.6875],"rotation":0,"texture":"#1","tintindex":0},"down":{"uv":[7.59375,10.6875,7.375,11.28125],"rotation":0,"texture":"#1","tintindex":0}}},{"from":[0.65599966,-13.772209,-8.535999],"to":[5.936,-8.732208,0.34400082],"rotation":{"angle":-22.5,"axis":"x","origin":[8.24,13.707791,-25.36]},"faces":{"east":{"uv":[9.65625,3.0,10.25,3.34375],"rotation":0,"texture":"#1","tintindex":0},"south":{"uv":[0.6875,11.03125,1.03125,11.375],"rotation":0,"texture":"#1","tintindex":0},"north":{"uv":[11.0,10.84375,11.34375,11.1875],"rotation":0,"texture":"#1","tintindex":0},"west":{"uv":[9.75,4.03125,10.34375,4.375],"rotation":0,"texture":"#1","tintindex":0},"up":{"uv":[6.65625,10.34375,6.3125,9.75],"rotation":0,"texture":"#1","tintindex":0},"down":{"uv":[7.78125,9.75,7.4375,10.34375],"rotation":0,"texture":"#1","tintindex":0}}},{"from":[1.6159997,-12.812208,0.104001045],"to":[4.976,-9.692209,8.984001],"rotation":{"angle":-22.5,"axis":"x","origin":[8.24,13.707791,-25.36]},"faces":{"east":{"uv":[10.625,8.65625,11.21875,8.875],"rotation":0,"texture":"#1","tintindex":0},"south":{"uv":[12.25,5.25,12.46875,5.46875],"rotation":0,"texture":"#1","tintindex":0},"north":{"uv":[12.25,5.03125,12.46875,5.25],"rotation":0,"texture":"#1","tintindex":0},"west":{"uv":[10.625,9.84375,11.21875,10.0625],"rotation":0,"texture":"#1","tintindex":0},"up":{"uv":[7.8125,11.28125,7.59375,10.6875],"rotation":0,"texture":"#1","tintindex":0},"down":{"uv":[8.03125,10.6875,7.8125,11.28125],"rotation":0,"texture":"#1","tintindex":0}}},{"from":[11.024,-5.6122084,-5.1759987],"to":[14.384001,-2.4922094,3.7040005],"rotation":{"angle":-22.5,"axis":"x","origin":[7.76,13.707791,-25.36]},"faces":{"east":{"uv":[10.625,10.0625,11.21875,10.28125],"rotation":0,"texture":"#1","tintindex":0},"south":{"uv":[6.25,12.25,6.46875,12.46875],"rotation":0,"texture":"#1","tintindex":0},"north":{"uv":[6.03125,12.25,6.25,12.46875],"rotation":0,"texture":"#1","tintindex":0},"west":{"uv":[10.65625,0.25,11.25,0.46875],"rotation":0,"texture":"#1","tintindex":0},"up":{"uv":[8.25,11.28125,8.03125,10.6875],"rotation":0,"texture":"#1","tintindex":0},"down":{"uv":[8.46875,10.6875,8.25,11.28125],"rotation":0,"texture":"#1","tintindex":0}}},{"from":[10.064,-6.5722094,-13.816],"to":[15.344,-1.5322094,-4.935999],"rotation":{"angle":-22.5,"axis":"x","origin":[7.76,13.707791,-25.36]},"faces":{"east":{"uv":[4.125,9.78125,4.71875,10.125],"rotation":0,"texture":"#1","tintindex":0},"south":{"uv":[11.03125,9.0,11.375,9.34375],"rotation":0,"texture":"#1","tintindex":0},"north":{"uv":[6.28125,11.03125,6.625,11.375],"rotation":0,"texture":"#1","tintindex":0},"west":{"uv":[9.78125,6.71875,10.375,7.0625],"rotation":0,"texture":"#1","tintindex":0},"up":{"uv":[8.125,10.34375,7.78125,9.75],"rotation":0,"texture":"#1","tintindex":0},"down":{"uv":[10.125,7.0625,9.78125,7.65625],"rotation":0,"texture":"#1","tintindex":0}}},{"from":[10.064,-13.772209,-8.535999],"to":[15.344,-8.732208,0.34400082],"rotation":{"angle":-22.5,"axis":"x","origin":[7.76,13.707791,-25.36]},"faces":{"east":{"uv":[9.78125,9.5625,10.375,9.90625],"rotation":0,"texture":"#1","tintindex":0},"south":{"uv":[4.625,11.0625,4.96875,11.40625],"rotation":0,"texture":"#1","tintindex":0},"north":{"uv":[11.0625,0.59375,11.40625,0.9375],"rotation":0,"texture":"#1","tintindex":0},"west":{"uv":[4.71875,9.8125,5.3125,10.15625],"rotation":0,"texture":"#1","tintindex":0},"up":{"uv":[0.34375,10.46875,0.0,9.875],"rotation":0,"texture":"#1","tintindex":0},"down":{"uv":[1.28125,9.875,0.9375,10.46875],"rotation":0,"texture":"#1","tintindex":0}}},{"from":[4.16,11.6419935,18.253525],"to":[11.84,19.081993,28.093525],"rotation":{"angle":0.0,"axis":"y","origin":[7.76,21.601994,13.453524]},"faces":{"east":{"uv":[4.09375,8.375,4.75,8.875],"rotation":0,"texture":"#1","tintindex":0},"south":{"uv":[1.125,9.375,1.625,9.875],"rotation":0,"texture":"#1","tintindex":0},"north":{"uv":[0.0,9.375,0.5,9.875],"rotation":0,"texture":"#1","tintindex":0},"west":{"uv":[0.59375,8.40625,1.25,8.90625],"rotation":0,"texture":"#1","tintindex":0},"up":{"uv":[8.0,8.90625,7.5,8.25],"rotation":0,"texture":"#1","tintindex":0},"down":{"uv":[8.90625,3.5,8.40625,4.15625],"rotation":0,"texture":"#1","tintindex":0}}},{"from":[2.0,10.201994,8.653524],"to":[14.0,21.001995,18.493525],"rotation":{"angle":0.0,"axis":"y","origin":[8.0,21.601994,13.453524]},"faces":{"east":{"uv":[0.6875,6.75,1.34375,7.46875],"rotation":0,"texture":"#1","tintindex":0},"south":{"uv":[6.34375,6.09375,7.125,6.8125],"rotation":0,"texture":"#1","tintindex":0},"north":{"uv":[6.34375,5.375,7.125,6.09375],"rotation":0,"texture":"#1","tintindex":0},"west":{"uv":[1.34375,6.75,2.0,7.46875],"rotation":0,"texture":"#1","tintindex":0},