{"textures":{"1":"modelengine:entity/toro_wither_terror"},"elements":[{"from":[11.053265,2.3729506,-3.785204],"to":[12.973265,6.452951,-1.8652039],"rotation":{"angle":0.0,"axis":"y","origin":[26.413265,-18.507051,1.9747958]},"faces":{"east":{"uv":[3.875,12.34375,3.96875,12.5625],"rotation":0,"texture":"#1","tintindex":0},"south":{"uv":[5.6875,12.34375,5.78125,12.5625],"rotation":0,"texture":"#1","tintindex":0},"north":{"uv":[11.96875,5.46875,12.0625,5.6875],"rotation":0,"texture":"#1","tintindex":0},"west":{"uv":[6.6875,12.34375,6.78125,12.5625],"rotation":0,"texture":"#1","tintindex":0},"up":{"uv":[8.5625,1.21875,8.46875,1.125],"rotation":0,"texture":"#1","tintindex":0},"down":{"uv":[4.09375,8.78125,4.0,8.875],"rotation":0,"texture":"#1","tintindex":0}}},{"from":[3.3732634,2.3729506,-3.785204],"to":[5.2932634,6.452951,-1.8652039],"rotation":{"angle":0.0,"axis":"y","origin":[-10.066738,-18.507051,1.9747958]},"faces":{"east":{"uv":[10.03125,12.34375,10.125,12.5625],"rotation":0,"texture":"#1","tintindex":0},"south":{"uv":[11.3125,12.34375,11.40625,12.5625],"rotation":0,"texture":"#1","tintindex":0},"north":{"uv":[9.46875,12.34375,9.5625,12.5625],"rotation":0,"texture":"#1","tintindex":0},"west":{"uv":[0.375,12.375,0.46875,12.59375],"rotation":0,"texture":"#1","tintindex":0},"up":{"uv":[7.46875,8.90625,7.375,8.8125],"rotation":0,"texture":"#1","tintindex":0},"down":{"uv":[8.96875,3.0,8.875,3.09375],"rotation":0,"texture":"#1","tintindex":0}}},{"from":[6.733264,4.461873,-5.102536],"to":[9.613264,8.301873,-1.262537],"rotation":{"angle":22.5,"axis":"x","origin":[8.173264,4.461873,-4.142536]},"faces":{"east":{"uv":[12.28125,5.6875,12.5,5.90625],"rotation":0,"texture":"#1","tintindex":0},"south":{"uv":[12.3125,11.5,12.46875,11.71875],"rotation":0,"texture":"#1","tintindex":0},"north":{"uv":[4.78125,12.3125,4.9375,12.53125],"rotation":0,"texture":"#1","tintindex":0},"west":{"uv":[12.28125,6.28125,12.5,6.5],"rotation":0,"texture":"#1","tintindex":0},"up":{"uv":[12.5,0.6875,12.34375,0.46875],"rotation":0,"texture":"#1","tintindex":0},"down":{"uv":[0.84375,12.34375,0.6875,12.5625],"rotation":0,"texture":"#1","tintindex":0}}},{"from":[7.213264,1.2480245,-4.637288],"to":[9.133265,5.088024,-2.717289],"rotation":{"angle":0.0,"axis":"y","origin":[8.173264,2.688024,-4.877288]},"faces":{"east":{"uv":[2.4375,12.375,2.53125,12.59375],"rotation":0,"texture":"#1","tintindex":0},"south":{"uv":[5.25,12.375,5.34375,12.59375],"rotation":0,"texture":"#1","tintindex":0},"north":{"uv":[1.15625,12.375,1.25,12.59375],"rotation":0,"texture":"#1","tintindex":0},"west":{"uv":[6.78125,12.375,6.875,12.59375],"rotation":0,"texture":"#1","tintindex":0},"up":{"uv":[8.96875,6.0,8.875,5.90625],"rotation":0,"texture":"#1","tintindex":0},"down":{"uv":[9.03125,1.5,8.9375,1.59375],"rotation":0,"texture":"#1","tintindex":0}}},{"from":[2.8932638,1.6764207,4.811525],"to":[13.453264,11.276421,10.091525],"rotation":{"angle":-45.0,"axis":"x","origin":[5.5332637,4.5564203,3.611525]},"faces":{"east":{"uv":[0.28125,10.46875,0.5625,11.0],"rotation":0,"texture":"#1","tintindex":0},"south":{"uv":[4.1875,8.875,4.75,9.40625],"rotation":0,"texture":"#1","tintindex":0},"north":{"uv":[3.625,8.875,4.1875,9.40625],"rotation":0,"texture":"#1","tintindex":0},"west":{"uv":[0.5625,10.46875,0.84375,11.0],"rotation":0,"texture":"#1","tintindex":0},"up":{"uv":[10.46875,2.96875,9.90625,2.6875],"rotation":0,"texture":"#1","tintindex":0},"down":{"uv":[10.71875,5.25,10.15625,5.53125],"rotation":0,"texture":"#1","tintindex":0}}},{"from":[3.8532639,-1.4435797,4.811525],"to":[12.493264,6.2364206,10.091525],"rotation":{"angle":0.0,"axis":"y","origin":[5.5332637,4.5564203,3.611525]},"faces":{"east":{"uv":[4.625,11.40625,4.90625,11.8125],"rotation":0,"texture":"#1","tintindex":0},"south":{"uv":[10.03125,7.65625,10.5,8.0625],"rotation":0,"texture":"#1","tintindex":0},"north":{"uv":[10.03125,0.625,10.5,1.03125],"rotation":0,"texture":"#1","tintindex":0},"west":{"uv":[4.90625,11.40625,5.1875,11.8125],"rotation":0,"texture":"#1","tintindex":0},"up":{"uv":[11.0625,1.96875,10.59375,1.6875],"rotation":0,"texture":"#1","tintindex":0},"down":{"uv":[11.09375,4.90625,10.625,5.1875],"rotation":0,"texture":"#1","tintindex":0}}},{"from":[2.8932638,4.461873,-3.6625357],"to":[13.453264,8.301873,5.937464],"rotation":{"angle":-22.5,"axis":"x","origin":[8.173264,4.461873,-4.142536]},"faces":{"east":{"uv":[11.25,0.21875,11.78125,0.4375],"rotation":0,"texture":"#1","tintindex":0},"south":{"uv":[10.9375,5.9375,11.5,6.15625],"rotation":0,"texture":"#1","tintindex":0},"north":{"uv":[10.9375,5.71875,11.5,5.9375],"rotation":0,"texture":"#1","tintindex":0},"west":{"uv":[11.25,3.3125,11.78125,3.53125],"rotation":0,"texture":"#1","tintindex":0},"up":{"uv":[1.125,9.4375,0.5625,8.90625],"rotation":0,"texture":"#1","tintindex":0},"down":{"uv":[9.46875,3.5,8.90625,4.03125],"rotation":0,"texture":"#1","tintindex":0}}},{"from":[-0.46673584,3.0218735,-2.7025356],"to":[2.8932638,7.821873,4.017464],"rotation":{"angle":-22.5,"axis":"x","origin":[8.173264,4.461873,-4.142536]},"faces":{"east":{"uv":[11.5,7.3125,11.875,7.5625],"rotation":0,"texture":"#1","tintindex":0},"south":{"uv":[12.28125,10.34375,12.46875,10.59375],"rotation":0,"texture":"#1","tintindex":0},"north":{"uv":[12.28125,10.09375,12.46875,10.34375],"rotation":0,"texture":"#1","tintindex":0},"west":{"uv":[9.65625,11.5,10.03125,11.75],"rotation":0,"texture":"#1","tintindex":0},"up":{"uv":[9.3125,12.21875,9.125,11.84375],"rotation":0,"texture":"#1","tintindex":0},"down":{"uv":[12.0625,5.6875,11.875,6.0625],"rotation":0,"texture":"#1","tintindex":0}}},{"from":[13.453264,3.0218735,-2.7025356],"to":[16.813265,7.821873,4.017464],"rotation":{"angle":-22.5,"axis":"x","origin":[8.173264,4.461873,-4.142536]},"faces":{"east":{"uv":[11.5,11.0625,11.875,11.3125],"rotation":0,"texture":"#1","tintindex":0},"south":{"uv":[12.3125,0.21875,12.5,0.46875],"rotation":0,"texture":"#1","tintindex":0},"north":{"uv":[12.28125,10.8125,12.46875,11.0625],"rotation":0,"texture":"#1","tintindex":0},"west":{"uv":[11.5,11.3125,11.875,11.5625],"rotation":0,"texture":"#1","tintindex":0},"up":{"uv":[12.0625,6.9375,11.875,6.5625],"rotation":0,"texture":"#1","tintindex":0},"down":{"uv":[8.78125,11.875,8.59375,12.25],"rotation":0,"texture":"#1","tintindex":0}}},{"from":[4.813264,8.301873,-4.142536],"to":[11.533264,12.141873,5.937464],"rotation":{"angle":-22.5,"axis":"x","origin":[8.173264,4.461873,-4.142536]},"faces":{"east":{"uv":[10.9375,6.15625,11.5,6.375],"rotation":0,"texture":"#1","tintindex":0},"south":{"uv":[11.71875,2.78125,12.09375,3.0],"rotation":0,"texture":"#1","tintindex":0},"north":{"uv":[11.6875,4.75,12.0625,4.96875],"rotation":0,"texture":"#1","tintindex":0},"west":{"uv":[10.9375,7.40625,11.5,7.625],"rotation":0,"texture":"#1","tintindex":0},"up":{"uv":[5.9375,10.15625,5.5625,9.59375],"rotation":0,"texture":"#1","tintindex":0},"down":{"uv":[6.3125,9.59375,5.9375,10.15625],"rotation":0,"texture":"#1","tintindex":0}}},{"from":[0.013263226,7.341873,3.5374641],"to":[16.333263,14.061873,10.257464],"rotation":{"angle":-22.5,"axis":"x","origin":[9.133265,4.461873,-4.142536]},"faces":{"east":{"uv":[4.34375,10.53125,4.71875,10.90625],"rotation":0,"texture":"#1","tintindex":0},"south":{"uv":[8.09375,0.375,9.0,0.75],"rotation":0,"texture":"#1","tintindex":0},"north":{"uv":[8.0625,7.8125,8.96875,8.1875],"rotation":0,"texture":"#1","tintindex":0},"west":{"uv":[5.46875,10.53125,5.84375,10.90625],"rotation":0,"texture":"#1","tintindex":0},"up":{"uv":[9.0,1.125,8.09375,0.75],"rotation":0,"texture":"#1","tintindex":0},"down":{"uv":[9.0,6.0,8.09375,6.375],"rotation":0,"texture":"#1","tintindex":0}}},{"from":[0.97326374,12.141873,-2.222536],"to":[15.373264,15.501873,5.937464],"rotation":{"angle":-22.5,"axis":"x","origin":[8.173264,4.461873,-4.142536]},"faces":{"east":{"uv":[3.1875,11.71875,3.625,11.90625],"rotation":0,"texture":"#1","tintindex":0},"south":{"uv":[10.375,6.875,11.15625,7.0625],"rotation":0,"texture":"#1","tintindex":0},