{"textures":{"1":"modelengine:entity/toro_wither_terror"},"elements":[{"from":[11.053265,4.658665,-3.2137747],"to":[12.973265,8.738666,-1.2937756],"rotation":{"angle":0.0,"axis":"y","origin":[26.413265,-16.221336,2.5462246]},"faces":{"east":{"uv":[8.5625,8.75,8.65625,8.96875],"rotation":0,"texture":"#1","tintindex":0},"south":{"uv":[1.53125,9.875,1.625,10.09375],"rotation":0,"texture":"#1","tintindex":0},"north":{"uv":[2.375,8.46875,2.46875,8.6875],"rotation":0,"texture":"#1","tintindex":0},"west":{"uv":[5.21875,10.15625,5.3125,10.375],"rotation":0,"texture":"#1","tintindex":0},"up":{"uv":[0.90625,4.21875,0.8125,4.125],"rotation":0,"texture":"#1","tintindex":0},"down":{"uv":[0.78125,6.28125,0.6875,6.375],"rotation":0,"texture":"#1","tintindex":0}}},{"from":[3.3732634,4.658665,-3.2137747],"to":[5.2932634,8.738666,-1.2937756],"rotation":{"angle":0.0,"axis":"y","origin":[-10.066738,-16.221336,2.5462246]},"faces":{"east":{"uv":[2.5625,10.96875,2.65625,11.1875],"rotation":0,"texture":"#1","tintindex":0},"south":{"uv":[3.21875,11.125,3.3125,11.34375],"rotation":0,"texture":"#1","tintindex":0},"north":{"uv":[2.5625,10.75,2.65625,10.96875],"rotation":0,"texture":"#1","tintindex":0},"west":{"uv":[2.8125,11.21875,2.90625,11.4375],"rotation":0,"texture":"#1","tintindex":0},"up":{"uv":[2.5625,7.5,2.46875,7.40625],"rotation":0,"texture":"#1","tintindex":0},"down":{"uv":[5.6875,7.84375,5.59375,7.9375],"rotation":0,"texture":"#1","tintindex":0}}},{"from":[6.733264,6.747587,-4.531108],"to":[9.613264,10.587587,-0.69110775],"rotation":{"angle":22.5,"axis":"x","origin":[8.173264,6.747587,-3.5711079]},"faces":{"east":{"uv":[8.15625,12.25,8.375,12.46875],"rotation":0,"texture":"#1","tintindex":0},"south":{"uv":[11.15625,6.84375,11.3125,7.0625],"rotation":0,"texture":"#1","tintindex":0},"north":{"uv":[11.0,6.375,11.15625,6.59375],"rotation":0,"texture":"#1","tintindex":0},"west":{"uv":[12.25,8.5,12.46875,8.71875],"rotation":0,"texture":"#1","tintindex":0},"up":{"uv":[0.375,12.40625,0.21875,12.1875],"rotation":0,"texture":"#1","tintindex":0},"down":{"uv":[9.71875,12.25,9.5625,12.46875],"rotation":0,"texture":"#1","tintindex":0}}},{"from":[7.213264,3.5337386,-4.06586],"to":[9.133265,7.373739,-2.1458607],"rotation":{"angle":0.0,"axis":"y","origin":[8.173264,4.9737387,-4.3058596]},"faces":{"east":{"uv":[10.1875,11.5,10.28125,11.71875],"rotation":0,"texture":"#1","tintindex":0},"south":{"uv":[5.09375,11.8125,5.1875,12.03125],"rotation":0,"texture":"#1","tintindex":0},"north":{"uv":[8.59375,11.28125,8.6875,11.5],"rotation":0,"texture":"#1","tintindex":0},"west":{"uv":[3.96875,11.90625,4.0625,12.125],"rotation":0,"texture":"#1","tintindex":0},"up":{"uv":[5.78125,7.9375,5.6875,7.84375],"rotation":0,"texture":"#1","tintindex":0},"down":{"uv":[8.28125,5.28125,8.1875,5.375],"rotation":0,"texture":"#1","tintindex":0}}},{"from":[2.8932638,3.9621348,5.3829536],"to":[13.453264,13.562136,10.662954],"rotation":{"angle":-45.0,"axis":"x","origin":[5.5332637,6.842135,4.182954]},"faces":{"east":{"uv":[6.625,10.375,6.90625,10.90625],"rotation":0,"texture":"#1","tintindex":0},"south":{"uv":[3.0625,8.78125,3.625,9.3125],"rotation":0,"texture":"#1","tintindex":0},"north":{"uv":[8.0,8.75,8.5625,9.28125],"rotation":0,"texture":"#1","tintindex":0},"west":{"uv":[0.0,10.46875,0.28125,11.0],"rotation":0,"texture":"#1","tintindex":0},"up":{"uv":[8.875,5.96875,8.3125,5.6875],"rotation":0,"texture":"#1","tintindex":0},"down":{"uv":[8.90625,7.15625,8.34375,7.4375],"rotation":0,"texture":"#1","tintindex":0}}},{"from":[3.8532639,0.84213495,5.3829536],"to":[12.493264,8.522135,10.662954],"rotation":{"angle":0.0,"axis":"y","origin":[5.5332637,6.842135,4.182954]},"faces":{"east":{"uv":[11.40625,0.59375,11.6875,1.0],"rotation":0,"texture":"#1","tintindex":0},"south":{"uv":[9.78125,9.90625,10.25,10.3125],"rotation":0,"texture":"#1","tintindex":0},"north":{"uv":[2.75,9.90625,3.21875,10.3125],"rotation":0,"texture":"#1","tintindex":0},"west":{"uv":[11.40625,4.5625,11.6875,4.96875],"rotation":0,"texture":"#1","tintindex":0},"up":{"uv":[10.09375,6.15625,9.625,5.875],"rotation":0,"texture":"#1","tintindex":0},"down":{"uv":[11.0,6.40625,10.53125,6.6875],"rotation":0,"texture":"#1","tintindex":0}}},{"from":[2.8932638,6.747587,-3.0911074],"to":[13.453264,10.587587,6.508893],"rotation":{"angle":-22.5,"axis":"x","origin":[8.173264,6.747587,-3.5711079]},"faces":{"east":{"uv":[11.0,8.21875,11.53125,8.4375],"rotation":0,"texture":"#1","tintindex":0},"south":{"uv":[10.90625,9.5625,11.46875,9.78125],"rotation":0,"texture":"#1","tintindex":0},"north":{"uv":[10.90625,3.09375,11.46875,3.3125],"rotation":0,"texture":"#1","tintindex":0},"west":{"uv":[11.03125,5.46875,11.5625,5.6875],"rotation":0,"texture":"#1","tintindex":0},"up":{"uv":[0.5625,9.375,0.0,8.84375],"rotation":0,"texture":"#1","tintindex":0},"down":{"uv":[1.8125,8.84375,1.25,9.375],"rotation":0,"texture":"#1","tintindex":0}}},{"from":[-0.46673584,5.3075876,-2.1311073],"to":[2.8932638,10.107588,4.588893],"rotation":{"angle":-22.5,"axis":"x","origin":[8.173264,6.747587,-3.5711079]},"faces":{"east":{"uv":[11.46875,9.8125,11.84375,10.0625],"rotation":0,"texture":"#1","tintindex":0},"south":{"uv":[1.3125,10.90625,1.5,11.15625],"rotation":0,"texture":"#1","tintindex":0},"north":{"uv":[6.90625,10.375,7.09375,10.625],"rotation":0,"texture":"#1","tintindex":0},"west":{"uv":[2.8125,11.5,3.1875,11.75],"rotation":0,"texture":"#1","tintindex":0},"up":{"uv":[11.96875,12.09375,11.78125,11.71875],"rotation":0,"texture":"#1","tintindex":0},"down":{"uv":[0.1875,11.8125,0.0,12.1875],"rotation":0,"texture":"#1","tintindex":0}}},{"from":[13.453264,5.3075876,-2.1311073],"to":[16.813265,10.107588,4.588893],"rotation":{"angle":-22.5,"axis":"x","origin":[8.173264,6.747587,-3.5711079]},"faces":{"east":{"uv":[11.5,5.6875,11.875,5.9375],"rotation":0,"texture":"#1","tintindex":0},"south":{"uv":[0.5,12.1875,0.6875,12.4375],"rotation":0,"texture":"#1","tintindex":0},"north":{"uv":[6.8125,12.125,7.0,12.375],"rotation":0,"texture":"#1","tintindex":0},"west":{"uv":[11.5,5.9375,11.875,6.1875],"rotation":0,"texture":"#1","tintindex":0},"up":{"uv":[0.375,12.1875,0.1875,11.8125],"rotation":0,"texture":"#1","tintindex":0},"down":{"uv":[2.4375,11.8125,2.25,12.1875],"rotation":0,"texture":"#1","tintindex":0}}},{"from":[4.813264,10.587587,-3.5711079],"to":[11.533264,14.4275875,6.508893],"rotation":{"angle":-22.5,"axis":"x","origin":[8.173264,6.747587,-3.5711079]},"faces":{"east":{"uv":[9.65625,10.90625,10.21875,11.125],"rotation":0,"texture":"#1","tintindex":0},"south":{"uv":[11.6875,0.4375,12.0625,0.65625],"rotation":0,"texture":"#1","tintindex":0},"north":{"uv":[3.625,4.875,4.0,5.09375],"rotation":0,"texture":"#1","tintindex":0},"west":{"uv":[10.9375,0.0,11.5,0.21875],"rotation":0,"texture":"#1","tintindex":0},"up":{"uv":[9.78125,10.125,9.40625,9.5625],"rotation":0,"texture":"#1","tintindex":0},"down":{"uv":[2.75,9.59375,2.375,10.15625],"rotation":0,"texture":"#1","tintindex":0}}},{"from":[0.013263226,9.627587,4.108893],"to":[16.333263,16.347588,10.828893],"rotation":{"angle":-22.5,"axis":"x","origin":[9.133265,6.747587,-3.5711079]},"faces":{"east":{"uv":[10.46875,2.53125,10.84375,2.90625],"rotation":0,"texture":"#1","tintindex":0},"south":{"uv":[7.96875,2.71875,8.875,3.09375],"rotation":0,"texture":"#1","tintindex":0},"north":{"uv":[7.65625,0.0,8.5625,0.375],"rotation":0,"texture":"#1","tintindex":0},"west":{"uv":[3.96875,10.53125,4.34375,10.90625],"rotation":0,"texture":"#1","tintindex":0},"up":{"uv":[4.96875,8.375,4.0625,8.0],"rotation":0,"texture":"#1","tintindex":0},"down":{"uv":[8.96875,7.4375,8.0625,7.8125],"rotation":0,"texture":"#1","tintindex":0}}},{"from":[0.97326374,14.4275875,-1.6511068],"to":[15.373264,17.787588,6.508893],"rotation":{"angle":-22.5,"axis":"x","origin":[8.173264,6.747587,-3.5711079]},"faces":{"east":{"uv":[11.6875,0.65625,12.125,0.84375],"rotation":0,"texture":"#1","tintindex":0},"south":{"uv":[10.375,4.71875,11.15625,4.90625],"rotation":0,"texture":"#1","tintindex":0},