{"textures":{"1":"modelengine:entity/toro_wither_terror"},"elements":[{"from":[2.7775998,3.2211056,-13.783674],"to":[15.2576,9.461105,4.9363275],"rotation":{"angle":22.5,"axis":"x","origin":[4.5776,8.141106,-4.4236727]},"faces":{"east":{"uv":[6.59375,4.5625,7.8125,4.96875],"rotation":0,"texture":"#1","tintindex":0},"south":{"uv":[2.46875,8.3125,3.28125,8.71875],"rotation":0,"texture":"#1","tintindex":0},"north":{"uv":[8.28125,3.09375,9.09375,3.5],"rotation":0,"texture":"#1","tintindex":0},"west":{"uv":[6.59375,4.96875,7.8125,5.375],"rotation":0,"texture":"#1","tintindex":0},"up":{"uv":[4.34375,1.21875,3.53125,0.0],"rotation":0,"texture":"#1","tintindex":0},"down":{"uv":[0.8125,3.875,0.0,5.09375],"rotation":0,"texture":"#1","tintindex":0}}},{"from":[5.6576,1.9011054,-13.783674],"to":[12.3776,7.1811056,-6.103673],"rotation":{"angle":0.0,"axis":"y","origin":[4.0976,8.141106,-4.4236727]},"faces":{"east":{"uv":[1.03125,1.75,1.53125,2.09375],"rotation":0,"texture":"#1","tintindex":0},"south":{"uv":[7.53125,10.34375,7.96875,10.6875],"rotation":0,"texture":"#1","tintindex":0},"north":{"uv":[7.09375,10.34375,7.53125,10.6875],"rotation":0,"texture":"#1","tintindex":0},"west":{"uv":[10.125,4.90625,10.625,5.25],"rotation":0,"texture":"#1","tintindex":0},"up":{"uv":[2.375,9.9375,1.9375,9.4375],"rotation":0,"texture":"#1","tintindex":0},"down":{"uv":[7.09375,9.46875,6.65625,9.96875],"rotation":0,"texture":"#1","tintindex":0}}},{"from":[5.1776,6.9411054,-13.783674],"to":[12.8576,13.181106,15.976328],"rotation":{"angle":0.0,"axis":"y","origin":[9.0176,7.3011055,-3.103673]},"faces":{"east":{"uv":[5.125,0.5625,7.0625,0.96875],"rotation":0,"texture":"#1","tintindex":0},"south":{"uv":[9.875,1.78125,10.375,2.1875],"rotation":0,"texture":"#1","tintindex":0},"north":{"uv":[9.875,1.375,10.375,1.78125],"rotation":0,"texture":"#1","tintindex":0},"west":{"uv":[5.125,0.96875,7.0625,1.375],"rotation":0,"texture":"#1","tintindex":0},"up":{"uv":[4.5,3.15625,4.0,1.21875],"rotation":0,"texture":"#1","tintindex":0},"down":{"uv":[4.5,3.15625,4.0,5.09375],"rotation":0,"texture":"#1","tintindex":0}}},{"from":[6.3775997,0.34110546,-2.7436724],"to":[11.6576,13.541105,20.536327],"rotation":{"angle":-22.5,"axis":"x","origin":[9.2576,7.3011055,-3.103673]},"faces":{"east":{"uv":[0.0,0.0,1.53125,0.875],"rotation":0,"texture":"#1","tintindex":0},"south":{"uv":[6.03125,8.71875,6.375,9.59375],"rotation":0,"texture":"#1","tintindex":0},"north":{"uv":[5.6875,8.71875,6.03125,9.59375],"rotation":0,"texture":"#1","tintindex":0},"west":{"uv":[0.0,0.875,1.53125,1.75],"rotation":0,"texture":"#1","tintindex":0},"up":{"uv":[2.46875,7.90625,2.125,6.375],"rotation":0,"texture":"#1","tintindex":0},"down":{"uv":[6.125,6.40625,5.78125,7.9375],"rotation":0,"texture":"#1","tintindex":0}}},{"from":[6.6176,11.981106,-10.903673],"to":[11.4176,18.221106,-6.103673],"rotation":{"angle":22.5,"axis":"x","origin":[9.0176,16.301105,-11.383673]},"faces":{"east":{"uv":[10.75,0.59375,11.0625,1.0],"rotation":0,"texture":"#1","tintindex":0},"south":{"uv":[1.5,10.75,1.8125,11.15625],"rotation":0,"texture":"#1","tintindex":0},"north":{"uv":[10.71875,9.0,11.03125,9.40625],"rotation":0,"texture":"#1","tintindex":0},"west":{"uv":[2.25,10.75,2.5625,11.15625],"rotation":0,"texture":"#1","tintindex":0},"up":{"uv":[3.0625,9.90625,2.75,9.59375],"rotation":0,"texture":"#1","tintindex":0},"down":{"uv":[6.8125,11.46875,6.5,11.78125],"rotation":0,"texture":"#1","tintindex":0}}},{"from":[7.5776,15.959019,-6.877637],"to":[10.4576,22.19902,-3.9976377],"rotation":{"angle":45.0,"axis":"x","origin":[9.0176,20.039019,-7.2376375]},"faces":{"east":{"uv":[5.8125,11.78125,6.0,12.1875],"rotation":0,"texture":"#1","tintindex":0},"south":{"uv":[6.0,11.78125,6.1875,12.1875],"rotation":0,"texture":"#1","tintindex":0},"north":{"uv":[6.125,6.40625,6.3125,6.8125],"rotation":0,"texture":"#1","tintindex":0},"west":{"uv":[6.5,11.78125,6.6875,12.1875],"rotation":0,"texture":"#1","tintindex":0},"up":{"uv":[4.9375,8.5625,4.75,8.375],"rotation":0,"texture":"#1","tintindex":0},"down":{"uv":[10.59375,1.15625,10.40625,1.34375],"rotation":0,"texture":"#1","tintindex":0}}},{"from":[6.6176,15.341106,0.61632776],"to":[11.4176,21.581104,4.9363275],"rotation":{"angle":0.0,"axis":"y","origin":[9.0176,19.661106,0.13632727]},"faces":{"east":{"uv":[10.71875,11.34375,11.0,11.75],"rotation":0,"texture":"#1","tintindex":0},"south":{"uv":[10.75,10.28125,11.0625,10.6875],"rotation":0,"texture":"#1","tintindex":0},"north":{"uv":[10.75,7.65625,11.0625,8.0625],"rotation":0,"texture":"#1","tintindex":0},"west":{"uv":[0.8125,11.375,1.09375,11.78125],"rotation":0,"texture":"#1","tintindex":0},"up":{"uv":[2.5625,11.8125,2.25,11.53125],"rotation":0,"texture":"#1","tintindex":0},"down":{"uv":[11.875,6.8125,11.5625,7.09375],"rotation":0,"texture":"#1","tintindex":0}}},{"from":[7.5776,20.15902,2.3623629],"to":[10.4576,23.99902,5.242363],"rotation":{"angle":22.5,"axis":"x","origin":[9.0176,23.39902,4.282363]},"faces":{"east":{"uv":[4.0625,7.75,4.25,8.0],"rotation":0,"texture":"#1","tintindex":0},"south":{"uv":[8.40625,4.15625,8.59375,4.40625],"rotation":0,"texture":"#1","tintindex":0},"north":{"uv":[4.25,6.9375,4.4375,7.1875],"rotation":0,"texture":"#1","tintindex":0},"west":{"uv":[3.9375,10.1875,4.125,10.4375],"rotation":0,"texture":"#1","tintindex":0},"up":{"uv":[12.46875,8.03125,12.28125,7.84375],"rotation":0,"texture":"#1","tintindex":0},"down":{"uv":[12.5,5.90625,12.3125,6.09375],"rotation":0,"texture":"#1","tintindex":0}}}],"display":{"head":{"translation":[0.0,-6.4,0.0],"scale":[4.0,4.0,4.0]}}}